timestamp,open,high,low,close,volume,turnover
2026-06-15 18:00:00,66823.6,66917.2,66688.0,66733.6,1468.192,98075132.0717
2026-06-15 19:00:00,66733.6,66863.1,66275.2,66580.1,3555.767,236611827.9147
2026-06-15 20:00:00,66580.1,66656.3,66457.2,66491.0,1416.975,94287351.463
2026-06-15 21:00:00,66491.0,66537.6,66301.1,66337.2,987.452,65579486.676
2026-06-15 22:00:00,66337.2,66441.0,66060.1,66176.8,2768.303,183327566.8832
2026-06-15 23:00:00,66176.8,66337.5,66092.0,66287.2,1162.003,76964532.7592
2026-06-16 00:00:00,66287.2,66434.7,66202.2,66218.7,1455.093,96504269.0022
2026-06-16 01:00:00,66218.7,66392.8,66207.8,66313.7,888.437,58915082.3503
2026-06-16 02:00:00,66313.7,66341.8,65605.5,65707.4,5953.979,392062503.4202
2026-06-16 03:00:00,65707.4,66130.0,65606.9,66121.5,3134.729,206441957.8992
2026-06-16 04:00:00,66121.5,66247.5,65763.1,65807.3,2404.469,158693982.2475
2026-06-16 05:00:00,65807.3,66113.7,65807.2,66024.6,1484.87,98013256.6854
2026-06-16 06:00:00,66024.6,66566.9,66024.5,66400.1,3333.594,221120736.8278
2026-06-16 07:00:00,66400.1,66494.2,66270.0,66338.4,1342.213,89056347.0287
2026-06-16 08:00:00,66338.4,66970.0,66304.8,66864.5,3959.786,263852946.1863
2026-06-16 09:00:00,66864.5,66908.1,66433.4,66479.8,2749.007,183272141.3625
2026-06-16 10:00:00,66479.8,66760.0,66453.2,66480.0,2839.295,189118760.5892
2026-06-16 11:00:00,66480.0,66621.8,66336.8,66460.3,1608.954,106888367.0663
2026-06-16 12:00:00,66460.3,66795.3,66328.9,66395.8,3169.019,210925192.6034
2026-06-16 13:00:00,66395.8,66444.5,65896.7,66021.0,5028.07,332421425.3082
2026-06-16 14:00:00,66021.0,66243.5,65327.4,65632.4,6802.505,446880821.348
2026-06-16 15:00:00,65632.4,65969.0,65579.9,65835.3,2953.737,194352060.8175
2026-06-16 16:00:00,65835.3,65930.8,65671.2,65730.5,1468.146,96555488.9409
2026-06-16 17:00:00,65730.5,65992.3,65675.7,65949.1,1456.226,95877846.188
2026-06-16 18:00:00,65949.1,66263.6,65770.6,65817.7,2590.558,171032011.2642
2026-06-16 19:00:00,65817.7,65817.7,65525.0,65656.3,1957.243,128482117.1148
2026-06-16 20:00:00,65656.3,65838.5,65558.8,65826.9,964.706,63406136.4991
2026-06-16 21:00:00,65826.9,65918.4,65624.0,65748.7,1016.57,66838171.6489
2026-06-16 22:00:00,65748.7,65850.0,65650.0,65748.5,597.277,39276432.9964
2026-06-16 23:00:00,65748.5,65810.1,65588.5,65640.0,995.034,65331365.0977
2026-06-17 00:00:00,65640.0,65827.4,65640.0,65681.7,1119.934,73607360.5769
2026-06-17 01:00:00,65681.7,65922.0,65421.3,65902.6,2161.801,141957959.4913
2026-06-17 02:00:00,65902.6,66108.3,65750.0,65875.4,2025.565,133565154.4464
2026-06-17 03:00:00,65875.4,65875.4,65680.8,65828.4,818.571,53846698.2271
2026-06-17 04:00:00,65828.4,66020.9,65765.7,65863.0,587.863,38734055.4752
2026-06-17 05:00:00,65863.0,65952.3,65708.4,65801.2,631.769,41578260.4964
2026-06-17 06:00:00,65801.2,65867.4,65534.4,65593.3,1380.419,90645778.1796
2026-06-17 07:00:00,65593.3,65685.1,65159.5,65505.9,4399.962,287752966.0798
2026-06-17 08:00:00,65505.9,65545.3,64805.0,64896.4,5217.931,339658740.4983
2026-06-17 09:00:00,64896.4,65053.7,64818.3,64889.9,1761.074,114374214.9765
2026-06-17 10:00:00,64889.9,64977.3,64731.0,64771.2,1706.709,110676154.7138
2026-06-17 11:00:00,64771.2,64832.0,64529.6,64773.7,3537.664,228822463.3074
2026-06-17 12:00:00,64773.7,65103.0,64552.6,65007.3,3675.185,238354181.3937
2026-06-17 13:00:00,65007.3,65332.1,64807.0,65239.4,3831.117,249463704.1157
2026-06-17 14:00:00,65239.4,65439.0,64729.2,65068.5,4386.436,285622859.495
2026-06-17 15:00:00,65068.5,65838.6,64950.3,65712.8,5798.438,379694728.1044
2026-06-17 16:00:00,65712.8,66444.7,65673.7,65837.2,6724.958,444144184.2203
2026-06-17 17:00:00,65837.2,66180.0,65767.8,66081.8,2154.709,142080792.5165
2026-06-17 18:00:00,66081.8,66081.8,64734.0,65479.0,13996.248,915883264.5158
2026-06-17 19:00:00,65479.0,65643.0,64001.8,64267.2,14470.19,934172479.081
2026-06-17 20:00:00,64267.2,64454.2,64146.0,64397.5,2905.414,186824902.6574
2026-06-17 21:00:00,64397.5,64419.5,64101.0,64220.8,1500.176,96386500.1042
2026-06-17 22:00:00,64220.8,64406.8,63869.6,64266.5,2896.005,185717871.6211
2026-06-17 23:00:00,64266.5,64502.8,64219.3,64476.6,1580.866,101825603.2021
2026-06-18 00:00:00,64476.6,64678.5,64420.4,64434.8,1299.541,83895836.61
2026-06-18 01:00:00,64434.8,64781.8,64434.7,64522.1,1177.429,76101227.5611
2026-06-18 02:00:00,64522.1,64750.4,64445.6,64649.2,1131.161,73087137.3567
2026-06-18 03:00:00,64649.2,64653.4,64220.0,64255.4,2481.136,159662967.5517
2026-06-18 04:00:00,64255.4,64307.2,63752.1,63847.0,3911.855,250155647.4532
2026-06-18 05:00:00,63847.0,63993.3,63656.3,63957.7,3014.306,192483981.1735
2026-06-18 06:00:00,63957.7,64096.8,63811.1,64050.8,1972.411,126169543.448
2026-06-18 07:00:00,64050.8,64478.2,63979.9,64467.1,2790.52,179357730.7337
2026-06-18 08:00:00,64467.1,64619.4,64341.0,64368.4,3038.031,195950967.7536
2026-06-18 09:00:00,64368.4,64450.0,64148.3,64177.0,1764.638,113423035.1692
2026-06-18 10:00:00,64177.0,64199.9,63881.6,64049.3,3366.292,215523521.7883
2026-06-18 11:00:00,64049.3,64174.5,63851.1,63943.0,2288.688,146403953.0624
2026-06-18 12:00:00,63943.0,64368.5,63885.5,64337.0,2793.034,179190430.4373
2026-06-18 13:00:00,64337.0,64409.8,63753.0,63948.1,5457.902,349709422.4203
2026-06-18 14:00:00,63948.1,64176.0,63500.0,63780.0,6681.831,426410486.4653
2026-06-18 15:00:00,63780.0,63798.2,62216.9,62326.1,20919.829,1317895142.694
2026-06-18 16:00:00,62326.1,62778.7,62299.9,62653.2,7310.18,457535255.8223
2026-06-18 17:00:00,62653.2,62710.0,62216.4,62557.8,4545.474,284063528.8102
2026-06-18 18:00:00,62557.8,62920.1,62533.5,62669.7,4613.884,289491401.1244
2026-06-18 19:00:00,62669.7,62971.6,62589.7,62915.9,2267.969,142418252.1533
2026-06-18 20:00:00,62915.9,63238.3,62915.9,63054.6,2581.305,162858502.5629
2026-06-18 21:00:00,63054.6,63093.1,62829.0,62934.2,1877.331,118152689.2028
2026-06-18 22:00:00,62934.2,62970.2,62703.9,62848.2,1291.993,81159097.9275
2026-06-18 23:00:00,62848.2,62955.5,62715.9,62920.1,844.973,53107389.3808
2026-06-19 00:00:00,62920.1,63061.2,62807.3,62988.7,1035.593,65179646.6639
2026-06-19 01:00:00,62988.7,63066.7,62802.8,62988.0,1093.037,68799234.2609
2026-06-19 02:00:00,62988.0,63076.6,62848.6,62970.4,924.578,58206746.1819
2026-06-19 03:00:00,62970.4,63000.0,62345.3,62742.7,5682.095,355624374.1083
2026-06-19 04:00:00,62742.7,62888.6,62365.1,62421.6,3123.756,195562882.8098
2026-06-19 05:00:00,62421.6,62715.6,62401.3,62700.0,2281.855,142805246.3419
2026-06-19 06:00:00,62700.0,62887.4,62684.7,62857.2,1416.231,88924058.3773
2026-06-19 07:00:00,62857.2,62885.9,62460.9,62589.8,2731.943,171058287.2829
2026-06-19 08:00:00,62589.8,62755.5,62497.1,62569.4,1388.847,86964068.8348
2026-06-19 09:00:00,62569.4,62621.5,62271.6,62355.1,2708.482,168965940.4398
2026-06-19 10:00:00,62355.1,62564.2,62345.1,62495.7,2202.27,137515943.5542
2026-06-19 11:00:00,62495.7,62650.0,62409.6,62596.7,1648.17,103101061.8274
2026-06-19 12:00:00,62596.7,62845.8,62309.7,62792.5,3593.803,224883323.2791
2026-06-19 13:00:00,62792.5,63397.3,62620.1,63168.4,6544.002,412226213.8503
2026-06-19 14:00:00,63168.4,63380.0,62966.2,63165.9,3257.19,205732793.6512
2026-06-19 15:00:00,63165.9,63260.4,62981.9,63187.0,1739.316,109813569.8836
2026-06-19 16:00:00,63187.0,63363.5,62891.9,62938.9,3104.727,196204379.3733
2026-06-19 17:00:00,62938.9,63198.0,62827.2,63161.0,2066.186,130208294.4696
2026-06-19 18:00:00,63161.0,63168.4,62951.7,63079.5,666.239,42018789.4874
2026-06-19 19:00:00,63079.5,63111.2,62909.2,62999.9,903.164,56907781.0399
2026-06-19 20:00:00,62999.9,63255.0,62926.9,63216.8,973.497,61443216.0763
2026-06-19 21:00:00,63216.8,63249.4,63019.7,63048.5,706.626,44616383.6935
2026-06-19 22:00:00,63048.5,63347.0,63020.6,63284.0,835.515,52824589.0236
2026-06-19 23:00:00,63284.0,63641.1,63237.3,63508.9,2576.113,163482525.3293
2026-06-20 00:00:00,63508.9,63767.2,63430.3,63493.0,2778.922,176692199.7374
2026-06-20 01:00:00,63493.0,63590.5,63369.2,63546.2,890.286,56514052.1217
2026-06-20 02:00:00,63546.2,63546.2,63302.7,63304.6,959.157,60803338.9948
2026-06-20 03:00:00,63304.6,63478.0,63286.0,63443.1,517.436,32794298.93
2026-06-20 04:00:00,63443.1,63585.0,63365.0,63552.1,655.279,41607472.9444
2026-06-20 05:00:00,63552.1,63945.7,63505.3,63645.9,3758.557,239558681.2586
2026-06-20 06:00:00,63645.9,63732.0,63605.6,63704.2,846.833,53922202.5742
2026-06-20 07:00:00,63704.2,63766.3,63560.0,63624.3,1458.622,92899949.806
2026-06-20 08:00:00,63624.3,63633.2,63360.0,63393.9,2289.201,145279667.9421
2026-06-20 09:00:00,63393.9,63760.7,63390.6,63703.1,1501.646,95447978.4249
2026-06-20 10:00:00,63703.1,63748.2,63561.8,63651.0,1029.575,65519036.5552
2026-06-20 11:00:00,63651.0,63790.4,63583.3,63652.9,1029.363,65555087.6508
2026-06-20 12:00:00,63652.9,63762.6,63514.5,63624.3,2152.037,137012375.6982
2026-06-20 13:00:00,63624.3,63624.4,63238.3,63369.6,2846.87,180430347.2112
2026-06-20 14:00:00,63369.6,64143.0,63154.5,63925.7,6418.139,408816792.8869
2026-06-20 15:00:00,63925.7,64356.6,63810.0,64135.6,5063.512,324652211.8828
2026-06-20 16:00:00,64135.6,64140.6,63871.0,64000.1,1790.261,114538811.8046
2026-06-20 17:00:00,64000.1,64015.9,63700.8,63811.3,1765.254,112694366.4614
2026-06-20 18:00:00,63811.3,63902.2,63750.4,63775.3,684.484,43684023.2374
2026-06-20 19:00:00,63775.3,63935.6,63761.1,63908.6,585.411,37389870.8481
2026-06-20 20:00:00,63908.6,63957.2,63822.7,63905.0,440.764,28166476.9532
2026-06-20 21:00:00,63905.0,64065.9,63890.1,63983.8,568.285,36352567.354
2026-06-20 22:00:00,63983.8,64339.3,63957.0,64242.0,1521.592,97692926.9664
2026-06-20 23:00:00,64242.0,64315.8,64219.9,64265.4,681.701,43808873.924
2026-06-21 00:00:00,64265.4,64293.4,64199.4,64264.6,780.423,50135816.8816
2026-06-21 01:00:00,64264.6,64298.0,64169.2,64214.2,747.422,48005248.9268
2026-06-21 02:00:00,64214.2,64245.5,64182.4,64210.6,483.795,31063795.3681
2026-06-21 03:00:00,64210.6,64449.0,64200.0,64394.1,1444.122,92941235.3188
2026-06-21 04:00:00,64394.1,64589.1,64232.7,64249.4,1721.53,110931311.2617
2026-06-21 05:00:00,64249.4,64337.3,64174.2,64226.4,867.901,55753003.231
2026-06-21 06:00:00,64226.4,64299.4,64156.7,64267.3,608.533,39082106.9318
2026-06-21 07:00:00,64267.3,64269.7,64137.0,64158.5,911.99,58536511.3693
2026-06-21 08:00:00,64158.5,64200.0,63867.9,63992.7,1768.745,113196601.9381
2026-06-21 09:00:00,63992.7,64220.0,63931.0,64180.9,1565.833,100312436.8263
2026-06-21 10:00:00,64180.9,64374.0,64168.1,64334.7,1440.291,92599163.6882
2026-06-21 11:00:00,64334.7,64452.2,64069.4,64140.0,2627.778,168821965.8623
2026-06-21 12:00:00,64140.0,64205.5,63915.6,64162.3,2227.153,142672715.5253
2026-06-21 13:00:00,64162.3,64162.3,63974.6,64113.6,960.621,61546220.8447
2026-06-21 14:00:00,64113.6,64125.5,63962.0,64115.1,787.145,50403583.6755
2026-06-21 15:00:00,64115.1,64327.1,64083.3,64194.3,1355.676,87045359.284
2026-06-21 16:00:00,64194.3,64227.2,64002.9,64111.1,1049.897,67314297.3948
2026-06-21 17:00:00,64111.1,64193.8,64032.0,64110.0,538.625,34533476.0132
2026-06-21 18:00:00,64110.0,64212.6,63909.8,64174.8,1142.069,73167774.5298
2026-06-21 19:00:00,64174.8,64267.5,64127.4,64169.9,401.638,25781520.7009
2026-06-21 20:00:00,64169.9,64239.7,63648.0,63817.9,2527.478,161370039.009
2026-06-21 21:00:00,63817.9,63935.2,63467.9,63773.6,4014.926,255727777.0536
2026-06-21 22:00:00,63773.6,63836.9,63538.2,63767.4,2350.239,149612352.2666
2026-06-21 23:00:00,63767.4,63767.4,63209.3,63283.4,3785.325,240054090.2814
2026-06-22 00:00:00,63283.4,64084.7,63279.8,63870.9,5593.869,356506933.3237
2026-06-22 01:00:00,63870.9,64827.6,63822.8,64572.8,7495.692,483216141.0519
2026-06-22 02:00:00,64572.8,64649.3,64207.8,64225.0,1845.182,118914258.1433
2026-06-22 03:00:00,64225.0,64434.6,63859.1,63931.6,3783.949,242659254.7029
2026-06-22 04:00:00,63931.6,64088.1,63835.0,64062.5,1646.462,105301876.9392
2026-06-22 05:00:00,64062.5,64313.3,64052.1,64221.1,1690.324,108510168.7161
2026-06-22 06:00:00,64221.1,64307.1,63916.9,63961.0,1623.857,104067444.0428
2026-06-22 07:00:00,63961.0,64387.6,63931.3,64184.1,2763.995,177444352.8486
2026-06-22 08:00:00,64184.1,64325.7,64008.7,64136.9,1432.056,91873519.0099
2026-06-22 09:00:00,64136.9,64233.0,64016.4,64115.1,702.844,45060557.8834
2026-06-22 10:00:00,64115.1,64252.8,64047.8,64112.6,676.622,43401824.5026
2026-06-22 11:00:00,64112.6,64757.2,64070.0,64630.4,5777.228,372596884.4974
2026-06-22 12:00:00,64630.4,65200.0,64558.4,65122.5,8422.347,546643641.5397
2026-06-22 13:00:00,65122.5,65571.0,64917.8,65550.0,7093.722,462911439.0909
2026-06-22 14:00:00,65550.0,65596.0,64790.6,64937.7,7621.979,495979171.901
2026-06-22 15:00:00,64937.7,65110.9,64718.0,64801.0,3347.359,217373923.6813
2026-06-22 16:00:00,64801.0,64828.5,64482.3,64689.0,4941.665,319530331.5372
2026-06-22 17:00:00,64689.0,64743.5,64350.0,64577.9,2806.941,181109828.1186
2026-06-22 18:00:00,64577.9,64707.0,64270.1,64306.9,3229.932,208337397.0122
2026-06-22 19:00:00,64306.9,64469.9,64203.5,64445.2,3081.452,198239250.5134
2026-06-22 20:00:00,64445.2,64635.0,64311.4,64407.0,2294.439,147926774.3063
2026-06-22 21:00:00,64407.0,64456.6,64104.9,64287.8,2295.544,147543606.836
2026-06-22 22:00:00,64287.8,64370.1,63771.0,63941.1,3149.748,201571784.5502
2026-06-22 23:00:00,63941.1,64024.9,63843.0,63989.3,1200.229,76743743.2959
2026-06-23 00:00:00,63989.3,64135.8,63796.9,64120.0,2074.423,132757721.2857
2026-06-23 01:00:00,64120.0,64252.8,63860.0,64118.0,3515.284,225265982.0738
2026-06-23 02:00:00,64118.0,64243.1,64003.5,64164.0,1050.391,67392210.2729
2026-06-23 03:00:00,64164.0,64173.7,63938.0,64035.1,1022.62,65459507.7451
2026-06-23 04:00:00,64035.1,64063.7,63581.0,63597.9,2670.724,170267019.7405
2026-06-23 05:00:00,63597.9,63708.5,63323.7,63368.0,3543.748,224966791.6352
2026-06-23 06:00:00,63368.0,63375.1,62530.0,62907.4,9760.97,613865054.6693
2026-06-23 07:00:00,62907.4,63064.1,62831.7,62853.8,3077.632,193687016.3051
2026-06-23 08:00:00,62853.8,62916.5,61878.4,62344.8,11962.546,745637030.6125
2026-06-23 09:00:00,62344.8,62470.0,62300.0,62344.6,2338.116,145880496.8989
2026-06-23 10:00:00,62344.6,62555.3,62203.7,62280.4,2625.107,163672945.2663
2026-06-23 11:00:00,62280.4,62626.3,62280.4,62470.1,2799.683,174896483.2265
2026-06-23 12:00:00,62470.1,62522.4,62125.1,62230.6,2436.971,151860441.7095
2026-06-23 13:00:00,62230.6,62511.1,61921.9,62449.5,7025.878,437232700.5113
2026-06-23 14:00:00,62449.5,62822.5,62360.9,62461.2,6693.334,418741873.0473
2026-06-23 15:00:00,62461.2,62480.0,62166.2,62459.2,4347.76,270973149.6094
2026-06-23 16:00:00,62459.2,62804.4,62393.7,62519.4,3294.412,206237465.3447
2026-06-23 17:00:00,62519.4,62661.9,62288.5,62323.8,1909.404,119276295.5543
2026-06-23 18:00:00,62323.8,62421.7,62068.0,62210.4,2318.349,144297123.2769
2026-06-23 19:00:00,62210.4,62449.8,62197.4,62358.3,1757.59,109541811.9247
2026-06-23 20:00:00,62358.3,62514.6,62337.5,62437.1,1115.983,69679478.4839
2026-06-23 21:00:00,62437.1,62631.8,62437.1,62562.0,924.643,57827653.8726
2026-06-23 22:00:00,62562.0,62748.0,62482.3,62559.0,1702.284,106568664.6363
2026-06-23 23:00:00,62559.0,62772.3,62458.6,62693.7,995.641,62339388.1245
2026-06-24 00:00:00,62693.7,62999.0,62692.2,62984.9,2283.793,143583132.1526
2026-06-24 01:00:00,62984.9,63113.4,62741.8,62909.6,2216.59,139551806.7792
2026-06-24 02:00:00,62909.6,62990.9,62573.1,62602.2,1989.629,124813070.2575
2026-06-24 03:00:00,62602.2,62804.0,62427.0,62707.1,1661.298,104025885.7961
2026-06-24 04:00:00,62707.1,62770.0,62501.0,62719.2,1294.93,81124984.4653
2026-06-24 05:00:00,62719.2,63060.4,62677.0,62859.1,1763.447,110904445.2657
2026-06-24 06:00:00,62859.1,62884.0,62691.4,62756.2,930.247,58399270.8475
2026-06-24 07:00:00,62756.2,62820.7,62577.0,62629.9,1541.515,96625268.7038
2026-06-24 08:00:00,62629.9,62782.8,62574.0,62767.8,996.894,62488150.055
2026-06-24 09:00:00,62767.8,62768.7,62603.0,62652.0,664.225,41630492.7277
2026-06-24 10:00:00,62652.0,62657.1,62383.0,62412.1,1601.013,100079953.5602
2026-06-24 11:00:00,62412.1,63232.7,62277.0,62887.9,4965.059,311462959.0139
2026-06-24 12:00:00,62887.9,62950.0,62536.8,62589.8,2359.118,148063293.2521
2026-06-24 13:00:00,62589.8,62604.5,61220.1,61300.3,16591.334,1024663146.2463
2026-06-24 14:00:00,61300.3,61437.4,60841.0,61075.2,13311.885,813435142.5473
2026-06-24 15:00:00,61075.2,61114.0,60220.0,60238.3,10349.104,627586317.207
2026-06-24 16:00:00,60238.3,60637.1,59554.0,59806.9,14109.126,847721846.011
2026-06-24 17:00:00,59806.9,60023.5,59065.8,59362.0,12068.525,718193077.628
2026-06-24 18:00:00,59362.0,59890.0,59261.7,59571.2,6736.817,401494247.0087
2026-06-24 19:00:00,59571.2,59971.7,59482.3,59923.7,3913.961,233793702.7992
2026-06-24 20:00:00,59923.7,61176.2,59814.4,60927.4,13004.169,788843097.7598
2026-06-24 21:00:00,60927.4,61117.0,60624.2,61076.3,3226.158,196333698.3951
2026-06-24 22:00:00,61076.3,61239.6,60768.0,60850.1,3650.371,222590459.5837
2026-06-24 23:00:00,60850.1,61087.9,60798.2,61054.7,2059.517,125558361.1667
2026-06-25 00:00:00,61054.7,61146.0,60690.5,60785.2,3011.123,183413136.359
2026-06-25 01:00:00,60785.2,60958.4,60684.8,60885.0,1383.06,84111393.8395
2026-06-25 02:00:00,60885.0,60933.4,60665.2,60761.3,1432.976,87098014.0955
2026-06-25 03:00:00,60761.3,60875.2,60650.0,60853.3,1398.521,84978258.7611
2026-06-25 04:00:00,60853.3,61383.1,60755.1,61322.7,3365.237,205735799.1595
2026-06-25 05:00:00,61322.7,61794.4,61250.0,61565.1,5420.788,333684071.4911
2026-06-25 06:00:00,61565.1,61819.0,61565.1,61694.5,2056.203,126861810.2742
2026-06-25 07:00:00,61694.5,61942.3,61630.2,61881.2,2850.404,176139510.4036
2026-06-25 08:00:00,61881.2,61894.7,61643.5,61684.3,1955.729,120732919.6329
2026-06-25 09:00:00,61684.3,61763.8,61577.6,61699.7,1082.571,66775828.3306
2026-06-25 10:00:00,61699.7,61724.1,61231.5,61237.2,4267.208,262239467.4044
2026-06-25 11:00:00,61237.2,61395.9,61031.2,61252.3,4248.221,260115803.7993
2026-06-25 12:00:00,61252.3,61765.8,61043.5,61203.2,5806.381,356309439.4266
2026-06-25 13:00:00,61203.2,61333.4,58042.6,58259.6,25947.062,1544089377.8086
2026-06-25 14:00:00,58259.6,60463.4,58253.9,59434.4,31889.383,1893459868.9139
2026-06-25 15:00:00,59434.4,59625.1,58799.8,59531.7,10751.735,636588547.4348
2026-06-25 16:00:00,59531.7,60037.7,59121.3,59275.8,8059.42,479875727.1323
2026-06-25 17:00:00,59275.8,59708.8,59103.7,59650.3,4608.383,274020640.1352
2026-06-25 18:00:00,59650.3,59766.0,59328.5,59481.7,4486.639,267220432.8535
2026-06-25 19:00:00,59481.7,59488.8,59139.1,59295.3,3529.079,209193628.5457
2026-06-25 20:00:00,59295.3,59722.8,59290.8,59430.0,3531.781,210248028.1597
2026-06-25 21:00:00,59430.0,60236.8,59423.5,60180.3,3388.836,202873861.1844
2026-06-25 22:00:00,60180.3,60180.3,59702.8,59812.9,3303.322,197881382.4367
2026-06-25 23:00:00,59812.9,60166.7,59707.2,59767.3,3494.041,209500599.8009
2026-06-26 00:00:00,59767.3,59880.4,59600.2,59628.7,2519.37,150521141.4869
2026-06-26 01:00:00,59628.7,59758.5,59200.0,59408.0,3247.27,192891340.7923
2026-06-26 02:00:00,59408.0,59425.0,58310.0,58535.5,11861.088,696130461.9383
2026-06-26 03:00:00,58535.5,60101.7,58289.5,60003.6,10241.018,607062557.9774
2026-06-26 04:00:00,60003.6,60237.4,59800.0,59895.5,3546.801,212630485.9323
2026-06-26 05:00:00,59895.5,60027.4,59701.0,59914.8,2268.939,135836681.7696
2026-06-26 06:00:00,59914.8,60432.0,59672.2,60299.7,4569.52,274495182.3459
2026-06-26 07:00:00,60299.7,60731.3,60250.4,60487.0,5215.023,315742303.7615
2026-06-26 08:00:00,60487.0,60539.3,60113.1,60215.4,3581.155,215817267.5904
2026-06-26 09:00:00,60215.4,60228.5,59551.1,59706.9,5125.451,307117515.2272
2026-06-26 10:00:00,59706.9,59837.4,59214.1,59291.4,3717.142,221285044.6549
2026-06-26 11:00:00,59291.4,59568.5,59232.1,59389.2,2955.168,175565547.8751
2026-06-26 12:00:00,59389.2,59987.2,58936.3,59159.9,10998.843,653479495.9016
2026-06-26 13:00:00,59159.9,60181.2,58450.0,60141.8,17416.331,1030508035.9049
2026-06-26 14:00:00,60141.8,60272.9,59359.0,59566.4,8442.252,505034952.076
2026-06-26 15:00:00,59566.4,60475.3,59557.9,60291.9,7323.713,440465235.3855
2026-06-26 16:00:00,60291.9,60585.0,59936.0,60011.8,4099.53,246735480.171
2026-06-26 17:00:00,60011.8,60266.0,59919.7,59996.0,1766.508,106134080.348
2026-06-26 18:00:00,59996.0,60133.4,59505.0,59644.2,2620.093,156621732.3496
2026-06-26 19:00:00,59644.2,60091.5,59584.7,59735.5,3258.379,195111858.527
2026-06-26 20:00:00,59735.5,59973.2,59541.5,59690.4,2678.933,159961319.4407
2026-06-26 21:00:00,59690.4,60031.9,59646.8,59882.8,1795.13,107373795.5217
2026-06-26 22:00:00,59882.8,60057.7,59720.4,60009.9,874.256,52356421.8484
2026-06-26 23:00:00,60009.9,60090.0,59898.0,60073.4,1036.237,62194430.0017
2026-06-27 00:00:00,60073.4,60174.4,59839.4,60032.2,1286.307,77175086.8408
2026-06-27 01:00:00,60032.2,60045.2,59900.0,59920.8,407.865,24452951.4285
2026-06-27 02:00:00,59920.8,60350.0,59888.9,60251.4,1717.054,103342140.3293
2026-06-27 03:00:00,60251.4,60392.0,60131.6,60277.2,1484.638,89477136.8604
2026-06-27 04:00:00,60277.2,60450.0,60176.4,60214.0,1247.658,75295472.2598
2026-06-27 05:00:00,60214.0,60284.2,60101.0,60206.7,854.857,51467806.1538
2026-06-27 06:00:00,60206.7,60472.1,60082.3,60342.8,1757.629,105981797.6005
2026-06-27 07:00:00,60342.8,60557.7,60263.2,60525.6,1700.261,102685628.0751
2026-06-27 08:00:00,60525.6,60525.6,60343.4,60419.1,965.484,58341166.3246
2026-06-27 09:00:00,60419.1,60479.4,60258.1,60389.7,790.058,47686324.6934
2026-06-27 10:00:00,60389.7,60465.8,60341.7,60390.6,607.773,36712165.147
2026-06-27 11:00:00,60390.6,60431.1,60170.0,60335.4,1274.031,76813912.5323
2026-06-27 12:00:00,60335.4,60407.8,60209.5,60396.5,1304.756,78666182.5256
2026-06-27 13:00:00,60396.5,60642.6,60351.8,60548.1,1593.881,96437639.9001
2026-06-27 14:00:00,60548.1,60699.0,60473.1,60579.1,1499.196,90846233.7603
2026-06-27 15:00:00,60579.1,60918.3,60530.6,60812.8,3632.355,220727729.9276
2026-06-27 16:00:00,60812.8,60823.3,60631.0,60781.4,1523.395,92511100.4475
2026-06-27 17:00:00,60781.4,60792.8,60382.0,60490.3,3014.891,182427961.6235
2026-06-27 18:00:00,60490.3,60540.2,60411.1,60530.6,1178.073,71261367.8727
2026-06-27 19:00:00,60530.6,60572.6,60025.0,60141.3,2976.516,179287113.5706
2026-06-27 20:00:00,60141.3,60276.7,60135.6,60270.8,567.954,34208014.8505
2026-06-27 21:00:00,60270.8,60450.0,60096.2,60165.7,2109.308,127155975.6141
2026-06-27 22:00:00,60165.7,60231.0,59807.5,60198.4,2325.47,139663566.5417
2026-06-27 23:00:00,60198.4,60296.0,59908.7,59995.3,1523.672,91521207.458
2026-06-28 00:00:00,59995.3,60163.7,59977.2,60119.1,1047.543,62957283.9378
2026-06-28 01:00:00,60119.1,60242.8,59943.5,60189.9,1086.579,65327901.4924
2026-06-28 02:00:00,60189.9,60308.4,60016.4,60116.7,670.34,40326444.7548
2026-06-28 03:00:00,60116.7,60258.7,60113.7,60169.7,518.083,31188084.1157
2026-06-28 04:00:00,60169.7,60204.8,60060.5,60108.7,469.366,28226683.2946
2026-06-28 05:00:00,60108.7,60112.9,59715.9,59954.4,2772.157,165957582.8361
2026-06-28 06:00:00,59954.4,59999.9,59767.0,59966.8,973.329,58302226.4146
2026-06-28 07:00:00,59966.8,60236.4,59962.5,60188.8,1662.051,99974585.2266
2026-06-28 08:00:00,60188.8,60522.5,60109.5,60337.4,1772.623,106951279.7405
2026-06-28 09:00:00,60337.4,60444.0,60220.0,60228.2,874.918,52765302.4103
2026-06-28 10:00:00,60228.2,60270.0,60032.7,60136.0,1148.735,69083305.9226
2026-06-28 11:00:00,60136.0,60348.7,60084.2,60320.4,1099.742,66246836.7838
2026-06-28 12:00:00,60320.4,60443.5,60164.8,60267.1,1122.847,67689314.0596
2026-06-28 13:00:00,60267.1,60267.1,59933.0,60042.5,1942.086,116635252.2566
2026-06-28 14:00:00,60042.5,60224.0,59979.4,60000.0,1284.857,77218797.3142
2026-06-28 15:00:00,60000.0,60108.0,59784.9,59862.2,1942.344,116399785.8445
2026-06-28 16:00:00,59862.2,59919.6,59545.2,59657.3,3463.816,206745939.6669
2026-06-28 17:00:00,59657.3,59825.5,59348.1,59553.1,2853.573,169909996.277
2026-06-28 18:00:00,59553.1,59675.4,59466.8,59581.3,1331.24,79341092.9686
2026-06-28 19:00:00,59581.3,59671.7,59225.4,59450.6,3264.353,194057816.0747
2026-06-28 20:00:00,59450.6,59742.8,59444.0,59622.2,1816.214,108310491.7352
2026-06-28 21:00:00,59622.2,59779.6,59300.0,59416.5,2306.593,137338841.212
2026-06-28 22:00:00,59416.5,59882.3,58860.0,59037.1,5683.089,337045924.1036
2026-06-28 23:00:00,59037.1,59821.1,58972.7,59550.4,4000.335,237945659.6304
2026-06-29 00:00:00,59550.4,59680.0,58961.8,59634.8,5654.009,335024682.2233
2026-06-29 01:00:00,59634.8,59672.6,59165.1,59405.0,2275.711,135180433.2157
2026-06-29 02:00:00,59405.0,59783.6,58850.6,59730.8,5685.145,338013591.0152
2026-06-29 03:00:00,59730.8,60223.4,59730.8,60017.7,4149.555,248921730.1315
2026-06-29 04:00:00,60017.7,60029.4,59712.0,59796.0,1999.569,119666149.8145
2026-06-29 05:00:00,59796.0,60079.0,59340.0,60079.0,4584.096,273586765.2431
2026-06-29 06:00:00,60079.0,60321.7,60018.6,60044.8,3026.435,182046902.8868
2026-06-29 07:00:00,60044.8,60167.4,59895.8,59988.7,1881.537,112946443.9251
2026-06-29 08:00:00,59988.7,60062.3,59704.2,59805.1,2994.098,179318691.3121
2026-06-29 09:00:00,59805.1,60090.2,59750.0,60041.3,2720.386,163108652.7421
2026-06-29 10:00:00,60041.3,60307.7,60034.9,60065.8,4140.849,249129523.2225
2026-06-29 11:00:00,60065.8,60207.4,59766.8,59933.1,3369.691,201950367.7433
2026-06-29 12:00:00,59933.1,60775.0,59570.0,59929.0,17312.094,1043572280.8738
2026-06-29 13:00:00,59929.0,60325.4,59295.1,59549.9,11176.872,667542480.2304
2026-06-29 14:00:00,59549.9,59671.0,58973.4,59440.1,9302.449,551653375.5448
2026-06-29 15:00:00,59440.1,59930.0,59060.1,59793.1,6572.426,391358719.2373
2026-06-29 16:00:00,59793.1,60000.0,59555.6,59866.2,2796.104,167153047.5763
2026-06-29 17:00:00,59866.2,60666.0,59866.2,60388.0,8051.084,486323564.5952
2026-06-29 18:00:00,60388.0,60500.0,60165.1,60276.7,2821.946,170243219.8977
2026-06-29 19:00:00,60276.7,60535.9,60129.0,60401.7,2067.87,124797035.9435
2026-06-29 20:00:00,60401.7,60529.5,60274.1,60275.9,1053.316,63622231.2973
2026-06-29 21:00:00,60275.9,60578.9,60234.3,60460.1,1026.62,62013142.8726
2026-06-29 22:00:00,60460.1,60501.3,60325.9,60330.0,810.704,48968922.7606
2026-06-29 23:00:00,60330.0,60360.0,60169.5,60224.0,1350.45,81344419.651
2026-06-30 00:00:00,60224.0,60249.0,59650.3,59803.6,4447.214,266409494.1309
2026-06-30 01:00:00,59803.6,60022.8,59740.0,59910.0,2047.868,122571830.3324
2026-06-30 02:00:00,59910.0,60012.9,59719.7,59912.7,1385.647,83014341.1373
2026-06-30 03:00:00,59912.7,59995.1,59566.0,59587.3,1967.817,117605593.7917
2026-06-30 04:00:00,59587.3,59666.7,59381.5,59460.0,3029.225,180217552.3883
2026-06-30 05:00:00,59460.0,59623.4,59324.3,59623.3,2348.164,139604091.4716
2026-06-30 06:00:00,59623.3,59690.3,59480.3,59565.1,1228.474,73176373.6063
2026-06-30 07:00:00,59565.1,59606.1,59412.0,59495.9,1574.696,93676414.6812
2026-06-30 08:00:00,59495.9,59528.3,59155.3,59278.5,3786.447,224573109.3302
2026-06-30 09:00:00,59278.5,59392.0,59223.2,59346.7,1687.306,100080258.4817
2026-06-30 10:00:00,59346.7,59396.7,59250.7,59297.9,1183.265,70199511.8253
2026-06-30 11:00:00,59297.9,59387.9,59090.0,59160.1,3084.383,182618133.3657
2026-06-30 12:00:00,59160.1,59160.1,58341.2,58378.6,10775.422,632985014.0867
2026-06-30 13:00:00,58378.6,58786.0,58191.7,58710.3,11921.094,697253009.9406
2026-06-30 14:00:00,58710.3,59247.3,58402.7,58458.1,10164.579,598470476.3544
2026-06-30 15:00:00,58458.1,58787.2,58156.7,58358.8,7630.642,445472786.0079
2026-06-30 16:00:00,58358.8,58610.0,58233.4,58477.5,3201.49,186988911.0895
2026-06-30 17:00:00,58477.5,58600.0,58289.2,58400.8,2122.953,124017994.8777
2026-06-30 18:00:00,58400.8,58681.1,58329.1,58655.6,2199.097,128686632.3518
2026-06-30 19:00:00,58655.6,58823.4,58555.1,58793.5,2558.357,150134503.7165
2026-06-30 20:00:00,58793.5,58860.0,58620.1,58703.1,1490.364,87537707.0166
2026-06-30 21:00:00,58703.1,58749.4,58477.0,58619.7,1442.511,84505920.1499
2026-06-30 22:00:00,58619.7,58775.3,58472.2,58573.4,846.434,49616594.2261
2026-06-30 23:00:00,58573.4,58642.2,58514.1,58603.5,566.233,33175830.6806
2026-07-01 00:00:00,58603.5,58721.3,58279.3,58550.0,2141.977,125231918.035
2026-07-01 01:00:00,58550.0,58990.9,57755.8,58740.0,11370.275,662935267.2259
2026-07-01 02:00:00,58740.0,59154.4,58638.1,59063.6,2738.843,161490648.1016
2026-07-01 03:00:00,59063.6,59325.6,58818.7,59177.2,5851.476,345979179.2646
2026-07-01 04:00:00,59177.2,59444.0,59040.0,59316.0,2855.239,169237775.4149
2026-07-01 05:00:00,59316.0,59355.3,59095.0,59130.4,2062.865,122127251.7193
2026-07-01 06:00:00,59130.4,59137.2,58499.9,58735.9,5072.012,297893956.3502
2026-07-01 07:00:00,58735.9,58809.1,58573.8,58747.7,1739.931,102123071.4767
2026-07-01 08:00:00,58747.7,58968.6,58463.0,58955.0,2712.171,159137404.0945
2026-07-01 09:00:00,58955.0,59078.6,58794.3,58924.4,2596.978,152993424.4947
2026-07-01 10:00:00,58924.4,58928.6,58589.0,58632.1,2349.601,137954769.0276
2026-07-01 11:00:00,58632.1,58729.7,58522.1,58592.0,1389.993,81497865.6043
2026-07-01 12:00:00,58592.0,58658.8,58293.9,58497.4,4236.559,247590041.5546
2026-07-01 13:00:00,58497.4,59491.9,58491.9,59468.9,9101.562,537039934.5484
2026-07-01 14:00:00,59468.9,60071.7,59252.0,59522.9,12180.013,727331274.9941
2026-07-01 15:00:00,59522.9,60522.0,59492.5,60121.7,9982.287,600550776.8844
2026-07-01 16:00:00,60121.7,60243.2,59837.5,59904.1,3873.602,232465918.3233
2026-07-01 17:00:00,59904.1,60222.6,59759.4,60163.0,3412.806,204854345.3241
2026-07-01 18:00:00,60163.0,60275.2,59991.5,60143.0,2421.842,145640643.2537
2026-07-01 19:00:00,60143.0,60333.0,59961.3,60002.7,3190.34,191929726.8279
2026-07-01 20:00:00,60002.7,60166.7,59845.5,60106.2,2219.189,133083905.3836
2026-07-01 21:00:00,60106.2,60833.9,60100.0,60787.5,5025.967,304409412.7773
2026-07-01 22:00:00,60787.5,61325.3,60326.8,60454.9,8165.917,496890194.7197
2026-07-01 23:00:00,60454.9,60454.9,59948.5,60000.0,3839.176,230893454.8971
2026-07-02 00:00:00,60000.0,60008.4,59556.1,59730.0,3915.249,234011975.8445
2026-07-02 01:00:00,59730.0,60299.5,59694.0,60154.0,3532.689,212073724.1144
2026-07-02 02:00:00,60154.0,60483.0,59988.8,60395.3,2320.098,139892039.18
2026-07-02 03:00:00,60395.3,61107.5,60266.9,61038.9,4159.081,252424772.3075
2026-07-02 04:00:00,61038.9,61039.0,60701.7,60762.8,2336.407,142155240.5305
2026-07-02 05:00:00,60762.8,60862.0,60457.6,60481.2,2886.477,175096754.7389
2026-07-02 06:00:00,60481.2,60633.0,60231.1,60243.8,2380.349,143806171.4274
2026-07-02 07:00:00,60243.8,60289.5,60075.0,60126.7,2956.332,177870868.3465
2026-07-02 08:00:00,60126.7,60541.0,60110.7,60493.8,2494.128,150554339.3587
2026-07-02 09:00:00,60493.8,61400.0,60354.0,61150.7,7851.22,478584422.2492
2026-07-02 10:00:00,61150.7,61330.9,61020.1,61239.7,4026.303,246260260.6125
2026-07-02 11:00:00,61239.7,61369.7,61092.3,61329.0,2525.357,154694235.3054
2026-07-02 12:00:00,61329.0,61586.9,61115.6,61506.3,5572.172,341952232.3741
2026-07-02 13:00:00,61506.3,62059.3,61471.1,61912.8,9166.186,566464203.2758
2026-07-02 14:00:00,61912.8,62188.7,61365.6,61676.9,7066.374,436354039.0515
2026-07-02 15:00:00,61676.9,61832.9,61392.1,61588.7,4144.046,255407437.9064
2026-07-02 16:00:00,61588.7,61763.9,61107.2,61644.5,6214.57,381611905.3899
2026-07-02 17:00:00,61644.5,61925.0,61588.6,61642.0,2618.32,161675847.9785
2026-07-02 18:00:00,61642.0,61840.0,61633.8,61736.8,1555.081,96057446.8312
2026-07-02 19:00:00,61736.8,61742.0,61389.0,61445.2,2842.07,174890758.3924
2026-07-02 20:00:00,61445.2,61580.0,61305.7,61550.6,1879.874,115461121.0216
2026-07-02 21:00:00,61550.6,61637.4,61483.0,61564.2,1288.657,79292783.0266
2026-07-02 22:00:00,61564.2,61568.3,61367.4,61432.9,865.305,53209817.5857
2026-07-02 23:00:00,61432.9,61583.3,61321.2,61532.7,897.61,55158894.6045
2026-07-03 00:00:00,61532.7,61556.0,61210.4,61272.7,1336.114,81962150.7952
2026-07-03 01:00:00,61272.7,61707.7,61254.0,61564.4,1820.082,112048908.1715
2026-07-03 02:00:00,61564.4,61640.7,61266.4,61408.9,1720.496,105655096.2358
2026-07-03 03:00:00,61408.9,61563.1,61300.0,61406.2,1206.051,74089110.1851
2026-07-03 04:00:00,61406.2,61504.9,61307.9,61417.5,956.794,58739794.3223
2026-07-03 05:00:00,61417.5,61777.0,61399.1,61670.5,1593.898,98239592.1985
2026-07-03 06:00:00,61670.5,61819.0,61576.9,61677.1,1240.153,76521232.2048
2026-07-03 07:00:00,61677.1,61849.9,61627.2,61740.1,1705.2,105311930.1264
2026-07-03 08:00:00,61740.1,61877.0,61531.6,61559.4,1905.151,117597139.5834
2026-07-03 09:00:00,61559.4,61760.0,61466.3,61686.8,1336.734,82362597.3274
2026-07-03 10:00:00,61686.8,62016.7,61638.5,61889.9,1957.881,121127626.8545
2026-07-03 11:00:00,61889.9,62078.9,61807.8,61990.1,1941.317,120298118.7642
2026-07-03 12:00:00,61990.1,62148.7,61838.6,61946.8,2336.836,144892461.6891
2026-07-03 13:00:00,61946.8,62261.0,61909.8,62079.8,2156.813,133872134.8922
2026-07-03 14:00:00,62079.8,62255.1,61666.6,62141.2,3542.475,219360955.6398
2026-07-03 15:00:00,62141.2,62374.6,61788.0,61896.3,4314.01,267684254.5458
2026-07-03 16:00:00,61896.3,62111.7,61881.7,62080.4,1131.759,70168979.7326
2026-07-03 17:00:00,62080.4,62270.6,62039.3,62172.0,1703.594,105933274.3317
2026-07-03 18:00:00,62172.0,62221.0,62076.0,62178.9,1084.714,67419162.779
2026-07-03 19:00:00,62178.9,62291.6,62112.1,62174.3,1112.399,69191018.5026
2026-07-03 20:00:00,62174.3,62876.5,62150.0,62748.0,7277.191,455563800.5227
2026-07-03 21:00:00,62748.0,62946.1,62482.0,62697.0,2639.03,165461433.0516
2026-07-03 22:00:00,62697.0,62716.1,62508.4,62542.2,923.642,57822286.4549
2026-07-03 23:00:00,62542.2,62679.6,62504.0,62555.6,839.189,52531022.8505
2026-07-04 00:00:00,62555.6,62940.1,62555.4,62733.7,2453.157,154046616.1811
2026-07-04 01:00:00,62733.7,62733.7,62375.1,62444.0,1949.937,121858255.7995
2026-07-04 02:00:00,62444.0,62549.3,62400.0,62509.3,733.402,45820574.192
2026-07-04 03:00:00,62509.3,62733.2,62453.9,62600.0,1121.269,70212658.6782
2026-07-04 04:00:00,62600.0,62724.3,62567.5,62657.5,792.365,49643227.2763
2026-07-04 05:00:00,62657.5,62657.5,62408.1,62444.6,972.206,60774386.1268
2026-07-04 06:00:00,62444.6,62542.0,62311.8,62469.9,1156.681,72190510.4291
2026-07-04 07:00:00,62469.9,62607.2,62433.9,62542.5,1021.227,63846102.2585
2026-07-04 08:00:00,62542.5,62650.0,62485.2,62530.1,937.255,58632927.5631
2026-07-04 09:00:00,62530.1,62559.0,62386.6,62464.6,807.939,50468585.6067
2026-07-04 10:00:00,62464.6,62521.1,62420.4,62484.0,715.525,44693682.6165
2026-07-04 11:00:00,62484.0,62534.0,62439.1,62457.1,574.826,35915105.6719
2026-07-04 12:00:00,62457.1,62675.6,62457.1,62632.5,904.515,56602962.8108
2026-07-04 13:00:00,62632.5,62777.6,62516.2,62566.7,1134.807,71064581.1433
2026-07-04 14:00:00,62566.7,62716.5,62560.6,62669.6,748.283,46870630.3133
2026-07-04 15:00:00,62669.6,63066.7,62661.2,62909.5,4298.483,270263574.8985
2026-07-04 16:00:00,62909.5,62943.6,62754.8,62889.5,1446.065,90888396.6973
2026-07-04 17:00:00,62889.5,63450.0,62767.1,63245.8,5016.739,316848060.7869
2026-07-04 18:00:00,63245.8,63318.8,63064.7,63139.2,1513.977,95638509.245
2026-07-04 19:00:00,63139.2,63440.0,63088.7,63263.2,1578.984,99913819.4034
2026-07-04 20:00:00,63263.2,63366.9,63123.9,63199.2,1257.506,79512918.8947
2026-07-04 21:00:00,63199.2,63430.0,63167.5,63271.4,797.027,50462501.3021
2026-07-04 22:00:00,63271.4,63280.7,63132.2,63166.6,613.48,38766905.1828
2026-07-04 23:00:00,63166.6,63208.6,62900.1,63112.2,1608.816,101450382.833
2026-07-05 00:00:00,63112.2,63115.0,62856.3,62960.0,1337.907,84284902.5116
2026-07-05 01:00:00,62960.0,63023.8,62762.3,62858.3,2007.578,126192261.9445
2026-07-05 02:00:00,62858.3,62900.3,62560.7,62672.5,2216.768,138924424.9765
2026-07-05 03:00:00,62672.5,62773.0,62622.9,62738.6,1457.017,91377124.1102
2026-07-05 04:00:00,62738.6,62940.0,62678.2,62788.8,1233.342,77486157.9893
2026-07-05 05:00:00,62788.8,62788.8,62621.6,62715.6,917.255,57528476.1797
2026-07-05 06:00:00,62715.6,62800.0,62639.0,62748.2,600.622,37674718.829
2026-07-05 07:00:00,62748.2,63036.9,62686.4,62989.5,1984.526,124736512.3877
2026-07-05 08:00:00,62989.5,63086.2,62869.4,62887.4,1767.674,111285619.4573
2026-07-05 09:00:00,62887.4,62907.6,62389.4,62595.1,3103.094,194295035.8928
2026-07-05 10:00:00,62595.1,62733.2,62511.1,62729.4,1104.258,69191359.907
2026-07-05 11:00:00,62729.4,62788.0,62580.3,62625.8,1291.874,80939339.7674
2026-07-05 12:00:00,62625.8,62745.3,62526.8,62711.0,1322.719,82866405.8719
2026-07-05 13:00:00,62711.0,62799.9,62613.8,62764.0,1247.094,78212388.478
2026-07-05 14:00:00,62764.0,62793.9,62624.1,62778.9,1234.546,77416943.5958
2026-07-05 15:00:00,62778.9,62924.4,62646.0,62709.7,2254.322,141537769.4342
2026-07-05 16:00:00,62709.7,62748.9,62569.8,62619.8,1566.287,98105377.9339
2026-07-05 17:00:00,62619.8,62788.0,62572.3,62602.5,1535.457,96236286.4968
2026-07-05 18:00:00,62602.5,62857.9,62600.0,62789.2,1426.358,89434721.4462
2026-07-05 19:00:00,62789.2,62857.0,62693.8,62744.4,620.893,38974135.9376
2026-07-05 20:00:00,62744.4,62823.4,62672.0,62704.7,429.644,26953081.7528
2026-07-05 21:00:00,62704.7,63232.1,62578.8,63063.9,3172.105,199828350.6212
2026-07-05 22:00:00,63063.9,63936.9,62977.8,63705.6,8186.883,520273997.2971
2026-07-05 23:00:00,63705.6,63987.1,63537.6,63614.4,3192.888,203593112.299
2026-07-06 00:00:00,63614.4,63757.6,63313.6,63728.4,2567.909,163167749.1088
2026-07-06 01:00:00,63728.4,63895.0,63516.7,63541.4,2592.967,165205339.7159
2026-07-06 02:00:00,63541.4,63641.4,63338.3,63426.7,2700.842,171405994.3618
2026-07-06 03:00:00,63426.7,63459.0,63103.0,63269.9,2273.458,143794814.4778
2026-07-06 04:00:00,63269.9,63369.8,63155.7,63241.1,1202.11,76047368.5095
2026-07-06 05:00:00,63241.1,63241.1,62900.9,63075.9,3841.242,242163298.7632
2026-07-06 06:00:00,63075.9,63116.9,62938.1,62952.4,1254.396,79040846.1351
2026-07-06 07:00:00,62952.4,63093.0,62852.7,63058.3,1990.339,125319151.6645
2026-07-06 08:00:00,63058.3,63216.9,62791.2,62868.0,2212.071,139319624.0129
2026-07-06 09:00:00,62868.0,62886.9,62601.5,62636.6,2258.637,141638099.8707
2026-07-06 10:00:00,62636.6,63029.0,62634.0,62796.8,2970.628,186734415.2991
2026-07-06 11:00:00,62796.8,62978.0,62438.0,62447.8,3313.778,207861789.9776
2026-07-06 12:00:00,62447.8,62454.4,61645.7,61729.2,17688.097,1096444932.3565
2026-07-06 13:00:00,61729.2,61749.3,61555.0,61668.7,1702.449,104922956.3582
