Iteration,ROI,Net Profit,Max Drawdown,Trades
1,-1.759743324793726,-175.9743324793726,6.25214171348256,6
2,-1.759743324793726,-175.9743324793726,7.139579921476434,6
3,-1.759743324793726,-175.9743324793726,4.387227580692561,6
4,-1.759743324793726,-175.9743324793726,7.13982393658191,6
5,-1.759743324793726,-175.9743324793726,4.345685683061476,6
6,-1.759743324793726,-175.9743324793726,3.610455842851443,6
7,-1.759743324793708,-175.9743324793708,6.8981821355299235,6
8,-1.759743324793726,-175.9743324793726,7.0767778905805585,6
9,-1.759743324793708,-175.9743324793708,3.5976201157838656,6
10,-1.759743324793726,-175.9743324793726,3.576269062187192,6
11,-1.759743324793726,-175.9743324793726,6.294312146476441,6
12,-1.759743324793708,-175.9743324793708,6.835647163492464,6
13,-1.759743324793726,-175.9743324793726,7.139579921476434,6
14,-1.759743324793708,-175.9743324793708,6.8981821355299235,6
15,-1.759743324793708,-175.9743324793708,6.835647163492464,6
16,-1.759743324793726,-175.9743324793726,7.208075958635309,6
17,-1.759743324793726,-175.9743324793726,3.5975337471044506,6
18,-1.759743324793726,-175.9743324793726,7.208075958635309,6
19,-1.759743324793708,-175.9743324793708,4.274905121666152,6
20,-1.759743324793708,-175.9743324793708,6.775091091478467,6
21,-1.759743324793708,-175.9743324793708,5.216617099256634,6
22,-1.759743324793726,-175.9743324793726,6.362808183635316,6
23,-1.759743324793726,-175.9743324793726,6.234712395600115,6
24,-1.759743324793708,-175.9743324793708,3.631402334448472,6
25,-1.759743324793726,-175.9743324793726,7.071976476528155,6
26,-1.759743324793726,-175.9743324793726,6.25214171348256,6
27,-1.759743324793726,-175.9743324793726,6.183645676323685,6
28,-1.759743324793726,-175.9743324793726,6.355774472375868,6
29,-1.759743324793708,-175.9743324793708,6.138913972785804,6
30,-1.759743324793708,-175.9743324793708,5.983345975298552,6
31,-1.759743324793726,-175.9743324793726,3.5975337471044506,6
32,-1.759743324793708,-175.9743324793708,6.837112730610197,6
33,-1.759743324793726,-175.9743324793726,3.5419598056925676,6
34,-1.759743324793726,-175.9743324793726,6.302559855653871,6
35,-1.759743324793726,-175.9743324793726,7.0767778905805585,6
36,-1.759743324793726,-175.9743324793726,7.071976476528155,6
37,-1.759743324793708,-175.9743324793708,6.08281238434237,6
38,-1.759743324793726,-175.9743324793726,3.5419598056925676,6
39,-1.759743324793726,-175.9743324793726,3.5975337471044506,6
40,-1.759743324793726,-175.9743324793726,3.5419598056925676,6
41,-1.759743324793726,-175.9743324793726,6.302559855653871,6
42,-1.759743324793726,-175.9743324793726,7.0767778905805585,6
43,-1.759743324793726,-175.9743324793726,7.13982393658191,6
44,-1.759743324793708,-175.9743324793708,6.089254607753422,6
45,-1.759743324793726,-175.9743324793726,4.455723617851436,6
46,-1.759743324793726,-175.9743324793726,3.5419598056925676,6
47,-1.759743324793708,-175.9743324793708,6.8981821355299235,6
48,-1.759743324793708,-175.9743324793708,5.983345975298552,6
49,-1.759743324793726,-175.9743324793726,3.5975337471044506,6
50,-1.759743324793726,-175.9743324793726,4.387227580692561,6
51,-1.759743324793708,-175.9743324793708,6.835647163492464,6
52,-1.759743324793726,-175.9743324793726,4.387227580692561,6
53,-1.759743324793726,-175.9743324793726,6.302559855653871,6
54,-1.759743324793726,-175.9743324793726,4.345685683061476,6
55,-1.759743324793708,-175.9743324793708,4.31219342934717,6
56,-1.759743324793726,-175.9743324793726,4.387227580692561,6
57,-1.759743324793708,-175.9743324793708,6.775091091478467,6
58,-1.759743324793726,-175.9743324793726,7.208075958635309,6
59,-1.759743324793708,-175.9743324793708,6.775091091478467,6
60,-1.759743324793708,-175.9743324793708,6.07684410227074,6
61,-1.759743324793726,-175.9743324793726,3.5975337471044506,6
62,-1.759743324793708,-175.9743324793708,3.479939746013744,6
63,-1.759743324793726,-175.9743324793726,7.208075958635309,6
64,-1.759743324793726,-175.9743324793726,7.071976476528155,6
65,-1.759743324793708,-175.9743324793708,6.0237033923395655,6
66,-1.759743324793708,-175.9743324793708,6.08281238434237,6
67,-1.759743324793726,-175.9743324793726,6.294312146476441,6
68,-1.759743324793708,-175.9743324793708,5.983345975298552,6
69,-1.759743324793708,-175.9743324793708,3.5448508445253197,6
70,-1.759743324793708,-175.9743324793708,3.548706711958257,6
71,-1.759743324793726,-175.9743324793726,6.25214171348256,6
72,-1.759743324793708,-175.9743324793708,3.666116152942741,6
73,-1.759743324793708,-175.9743324793708,5.92167649079729,6
74,-1.759743324793726,-175.9743324793726,6.362808183635316,6
75,-1.759743324793726,-175.9743324793726,7.0767778905805585,6
76,-1.759743324793708,-175.9743324793708,6.835647163492464,6
77,-1.759743324793726,-175.9743324793726,6.294312146476441,6
78,-1.759743324793726,-175.9743324793726,6.302559855653871,6
79,-1.759743324793726,-175.9743324793726,7.208075958635309,6
80,-1.759743324793726,-175.9743324793726,3.610455842851443,6
81,-1.759743324793708,-175.9743324793708,6.835647163492464,6
82,-1.759743324793726,-175.9743324793726,3.610455842851443,6
83,-1.759743324793726,-175.9743324793726,4.455723617851436,6
84,-1.759743324793726,-175.9743324793726,4.455723617851436,6
85,-1.759743324793726,-175.9743324793726,3.5419598056925676,6
86,-1.759743324793708,-175.9743324793708,6.8981821355299235,6
87,-1.759743324793726,-175.9743324793726,3.5975337471044506,6
88,-1.759743324793726,-175.9743324793726,7.13982393658191,6
89,-1.759743324793726,-175.9743324793726,3.5975337471044506,6
90,-1.759743324793726,-175.9743324793726,3.5419598056925676,6
91,-1.759743324793726,-175.9743324793726,6.25214171348256,6
92,-1.759743324793708,-175.9743324793708,6.835647163492464,6
93,-1.759743324793708,-175.9743324793708,6.138913972785804,6
94,-1.759743324793708,-175.9743324793708,6.08281238434237,6
95,-1.759743324793726,-175.9743324793726,3.610455842851443,6
96,-1.759743324793726,-175.9743324793726,4.455723617851436,6
97,-1.759743324793726,-175.9743324793726,5.3383779013236925,6
98,-1.759743324793726,-175.9743324793726,4.455723617851436,6
99,-1.759743324793726,-175.9743324793726,7.208075958635309,6
100,-1.759743324793726,-175.9743324793726,3.5637488715079604,6
101,-1.759743324793726,-175.9743324793726,6.294312146476441,6
102,-1.759743324793708,-175.9743324793708,3.5976201157838656,6
103,-1.759743324793726,-175.9743324793726,7.208075958635309,6
104,-1.759743324793726,-175.9743324793726,7.13982393658191,6
105,-1.759743324793726,-175.9743324793726,7.208075958635309,6
106,-1.759743324793726,-175.9743324793726,3.5975337471044506,6
107,-1.759743324793726,-175.9743324793726,7.208075958635309,6
108,-1.759743324793726,-175.9743324793726,6.183645676323685,6
109,-1.759743324793708,-175.9743324793708,6.775091091478467,6
110,-1.759743324793726,-175.9743324793726,6.25214171348256,6
111,-1.759743324793708,-175.9743324793708,3.666116152942741,6
112,-1.759743324793726,-175.9743324793726,4.413533143115231,6
113,-1.759743324793726,-175.9743324793726,7.208075958635309,6
114,-1.759743324793726,-175.9743324793726,3.610455842851443,6
115,-1.759743324793708,-175.9743324793708,4.37951798818079,6
116,-1.759743324793726,-175.9743324793726,3.610455842851443,6
117,-1.759743324793726,-175.9743324793726,7.208075958635309,6
118,-1.759743324793726,-175.9743324793726,4.455723617851436,6
119,-1.759743324793708,-175.9743324793708,3.5976201157838656,6
120,-1.759743324793726,-175.9743324793726,6.362808183635316,6
121,-1.759743324793726,-175.9743324793726,4.387227580692561,6
122,-1.759743324793726,-175.9743324793726,6.294312146476441,6
123,-1.759743324793726,-175.9743324793726,6.355774472375868,6
124,-1.759743324793708,-175.9743324793708,4.338751726344469,6
125,-1.759743324793708,-175.9743324793708,6.835647163492464,6
126,-1.759743324793726,-175.9743324793726,6.25214171348256,6
127,-1.759743324793708,-175.9743324793708,6.8981821355299235,6
128,-1.759743324793726,-175.9743324793726,5.406873938482567,6
129,-1.759743324793708,-175.9743324793708,4.338751726344469,6
130,-1.759743324793726,-175.9743324793726,4.455723617851436,6
131,-1.759743324793726,-175.9743324793726,6.294312146476441,6
132,-1.759743324793726,-175.9743324793726,7.139579921476434,6
133,-1.759743324793726,-175.9743324793726,3.5975337471044506,6
134,-1.759743324793726,-175.9743324793726,3.6316000251238614,6
135,-1.759743324793726,-175.9743324793726,6.362808183635316,6
136,-1.759743324793726,-175.9743324793726,6.302559855653871,6
137,-1.759743324793708,-175.9743324793708,3.479939746013744,6
138,-1.759743324793726,-175.9743324793726,5.406873938482567,6
139,-1.759743324793726,-175.9743324793726,6.238945361562077,6
140,-1.759743324793708,-175.9743324793708,6.021273361937709,6
141,-1.759743324793708,-175.9743324793708,6.8981821355299235,6
142,-1.759743324793708,-175.9743324793708,3.5448508445253197,6
143,-1.759743324793708,-175.9743324793708,5.92167649079729,6
144,-1.759743324793708,-175.9743324793708,3.5976201157838656,6
145,-1.759743324793708,-175.9743324793708,6.07684410227074,6
146,-1.759743324793726,-175.9743324793726,3.5419598056925676,6
147,-1.759743324793726,-175.9743324793726,3.5975337471044506,6
148,-1.759743324793726,-175.9743324793726,6.183645676323685,6
149,-1.759743324793726,-175.9743324793726,6.25214171348256,6
150,-1.759743324793726,-175.9743324793726,7.139579921476434,6
151,-1.759743324793726,-175.9743324793726,7.13982393658191,6
152,-1.759743324793708,-175.9743324793708,6.0237033923395655,6
153,-1.759743324793726,-175.9743324793726,6.25214171348256,6
154,-1.759743324793708,-175.9743324793708,6.08281238434237,6
155,-1.759743324793708,-175.9743324793708,6.835647163492464,6
156,-1.759743324793726,-175.9743324793726,6.183645676323685,6
157,-1.759743324793726,-175.9743324793726,6.183645676323685,6
158,-1.759743324793708,-175.9743324793708,5.153937318394912,6
159,-1.759743324793726,-175.9743324793726,7.208075958635309,6
160,-1.759743324793708,-175.9743324793708,6.835647163492464,6
161,-1.759743324793726,-175.9743324793726,5.3383779013236925,6
162,-1.759743324793726,-175.9743324793726,4.387227580692561,6
163,-1.759743324793708,-175.9743324793708,3.5976201157838656,6
164,-1.759743324793708,-175.9743324793708,3.666116152942741,6
165,-1.759743324793708,-175.9743324793708,4.274905121666152,6
166,-1.759743324793708,-175.9743324793708,3.666116152942741,6
167,-1.759743324793726,-175.9743324793726,6.362808183635316,6
168,-1.759743324793708,-175.9743324793708,5.983345975298552,6
169,-1.759743324793726,-175.9743324793726,7.139579921476434,6
170,-1.759743324793708,-175.9743324793708,6.775091091478467,6
171,-1.759743324793708,-175.9743324793708,6.021273361937709,6
172,-1.759743324793726,-175.9743324793726,7.13982393658191,6
173,-1.759743324793708,-175.9743324793708,6.835647163492464,6
174,-1.759743324793708,-175.9743324793708,6.021273361937709,6
175,-1.759743324793726,-175.9743324793726,6.362808183635316,6
176,-1.759743324793708,-175.9743324793708,5.153937318394912,6
177,-1.759743324793708,-175.9743324793708,5.983345975298552,6
178,-1.759743324793726,-175.9743324793726,3.5975337471044506,6
179,-1.759743324793708,-175.9743324793708,6.775091091478467,6
180,-1.759743324793726,-175.9743324793726,3.610455842851443,6
181,-1.759743324793708,-175.9743324793708,6.8981821355299235,6
182,-1.759743324793726,-175.9743324793726,6.362808183635316,6
183,-1.759743324793708,-175.9743324793708,6.835647163492464,6
184,-1.759743324793726,-175.9743324793726,6.362808183635316,6
185,-1.759743324793726,-175.9743324793726,3.5419598056925676,6
186,-1.759743324793726,-175.9743324793726,7.139579921476434,6
187,-1.759743324793726,-175.9743324793726,6.294312146476441,6
188,-1.759743324793708,-175.9743324793708,6.07684410227074,6
189,-1.759743324793708,-175.9743324793708,5.983345975298552,6
190,-1.759743324793726,-175.9743324793726,4.387227580692561,6
191,-1.759743324793726,-175.9743324793726,4.455723617851436,6
192,-1.759743324793726,-175.9743324793726,7.13982393658191,6
193,-1.759743324793726,-175.9743324793726,6.25214171348256,6
194,-1.759743324793726,-175.9743324793726,7.208075958635309,6
195,-1.759743324793708,-175.9743324793708,6.021273361937709,6
196,-1.759743324793708,-175.9743324793708,5.983345975298552,6
197,-1.759743324793708,-175.9743324793708,6.835647163492464,6
198,-1.759743324793726,-175.9743324793726,3.5975337471044506,6
199,-1.759743324793708,-175.9743324793708,3.563554874394717,6
200,-1.759743324793726,-175.9743324793726,6.355774472375868,6
201,-1.759743324793726,-175.9743324793726,6.183645676323685,6
202,-1.759743324793708,-175.9743324793708,4.338751726344469,6
203,-1.759743324793726,-175.9743324793726,6.238945361562077,6
204,-1.759743324793708,-175.9743324793708,3.666116152942741,6
205,-1.759743324793726,-175.9743324793726,5.406873938482567,6
206,-1.759743324793726,-175.9743324793726,7.13982393658191,6
207,-1.759743324793726,-175.9743324793726,6.25214171348256,6
208,-1.759743324793726,-175.9743324793726,7.208075958635309,6
209,-1.759743324793726,-175.9743324793726,4.413533143115231,6
210,-1.759743324793726,-175.9743324793726,7.139579921476434,6
211,-1.759743324793726,-175.9743324793726,7.139579921476434,6
212,-1.759743324793726,-175.9743324793726,6.302559855653871,6
213,-1.759743324793726,-175.9743324793726,3.610455842851443,6
214,-1.759743324793708,-175.9743324793708,5.983345975298552,6
215,-1.759743324793708,-175.9743324793708,5.983345975298552,6
216,-1.759743324793726,-175.9743324793726,6.25214171348256,6
217,-1.759743324793726,-175.9743324793726,4.455723617851436,6
218,-1.759743324793708,-175.9743324793708,5.983345975298552,6
219,-1.759743324793708,-175.9743324793708,6.021273361937709,6
220,-1.759743324793708,-175.9743324793708,6.07684410227074,6
221,-1.759743324793708,-175.9743324793708,5.983345975298552,6
222,-1.759743324793726,-175.9743324793726,6.294312146476441,6
223,-1.759743324793708,-175.9743324793708,3.479939746013744,6
224,-1.759743324793708,-175.9743324793708,6.835647163492464,6
225,-1.759743324793708,-175.9743324793708,6.835647163492464,6
226,-1.759743324793708,-175.9743324793708,6.775091091478467,6
227,-1.759743324793708,-175.9743324793708,6.021273361937709,6
228,-1.759743324793726,-175.9743324793726,7.208075958635309,6
229,-1.759743324793726,-175.9743324793726,4.455723617851436,6
230,-1.759743324793708,-175.9743324793708,6.775091091478467,6
231,-1.759743324793708,-175.9743324793708,5.983345975298552,6
232,-1.759743324793726,-175.9743324793726,3.5975337471044506,6
233,-1.759743324793726,-175.9743324793726,7.208075958635309,6
234,-1.759743324793726,-175.9743324793726,6.302559855653871,6
235,-1.759743324793726,-175.9743324793726,6.294312146476441,6
236,-1.759743324793726,-175.9743324793726,3.5419598056925676,6
237,-1.759743324793726,-175.9743324793726,6.355774472375868,6
238,-1.759743324793708,-175.9743324793708,3.483727557333576,6
239,-1.759743324793708,-175.9743324793708,6.021273361937709,6
240,-1.759743324793708,-175.9743324793708,5.92167649079729,6
241,-1.759743324793726,-175.9743324793726,6.294312146476441,6
242,-1.759743324793726,-175.9743324793726,3.5975337471044506,6
243,-1.759743324793726,-175.9743324793726,3.610455842851443,6
244,-1.759743324793708,-175.9743324793708,6.08281238434237,6
245,-1.759743324793708,-175.9743324793708,3.479939746013744,6
246,-1.759743324793708,-175.9743324793708,4.338751726344469,6
247,-1.759743324793726,-175.9743324793726,7.208075958635309,6
248,-1.759743324793726,-175.9743324793726,5.3383779013236925,6
249,-1.759743324793708,-175.9743324793708,6.775091091478467,6
250,-1.759743324793726,-175.9743324793726,6.25214171348256,6
251,-1.759743324793726,-175.9743324793726,7.139579921476434,6
252,-1.759743324793726,-175.9743324793726,4.387227580692561,6
253,-1.759743324793726,-175.9743324793726,3.5419598056925676,6
254,-1.759743324793708,-175.9743324793708,4.315098550409469,6
255,-1.759743324793708,-175.9743324793708,4.274905121666152,6
256,-1.759743324793726,-175.9743324793726,6.294312146476441,6
257,-1.759743324793708,-175.9743324793708,6.835647163492464,6
258,-1.759743324793726,-175.9743324793726,6.362808183635316,6
259,-1.759743324793726,-175.9743324793726,6.294312146476441,6
260,-1.759743324793726,-175.9743324793726,3.5975337471044506,6
261,-1.759743324793726,-175.9743324793726,3.5975337471044506,6
262,-1.759743324793726,-175.9743324793726,3.610455842851443,6
263,-1.759743324793726,-175.9743324793726,7.208075958635309,6
264,-1.759743324793726,-175.9743324793726,4.387227580692561,6
265,-1.759743324793726,-175.9743324793726,3.6316000251238614,6
266,-1.759743324793726,-175.9743324793726,6.302559855653871,6
267,-1.759743324793708,-175.9743324793708,4.274905121666152,6
268,-1.759743324793708,-175.9743324793708,6.835647163492464,6
269,-1.759743324793726,-175.9743324793726,6.362808183635316,6
270,-1.759743324793726,-175.9743324793726,7.13982393658191,6
271,-1.759743324793726,-175.9743324793726,7.208075958635309,6
272,-1.759743324793726,-175.9743324793726,7.208075958635309,6
273,-1.759743324793708,-175.9743324793708,6.021273361937709,6
274,-1.759743324793726,-175.9743324793726,7.13982393658191,6
275,-1.759743324793708,-175.9743324793708,4.274905121666152,6
276,-1.759743324793726,-175.9743324793726,7.139579921476434,6
277,-1.759743324793708,-175.9743324793708,3.5976201157838656,6
278,-1.759743324793726,-175.9743324793726,7.13982393658191,6
279,-1.759743324793726,-175.9743324793726,3.610455842851443,6
280,-1.759743324793726,-175.9743324793726,6.25214171348256,6
281,-1.759743324793708,-175.9743324793708,6.0237033923395655,6
282,-1.759743324793708,-175.9743324793708,6.07684410227074,6
283,-1.759743324793708,-175.9743324793708,4.338751726344469,6
284,-1.759743324793726,-175.9743324793726,4.455723617851436,6
285,-1.759743324793708,-175.9743324793708,5.216617099256634,6
286,-1.759743324793708,-175.9743324793708,6.021273361937709,6
287,-1.759743324793708,-175.9743324793708,6.835647163492464,6
288,-1.759743324793726,-175.9743324793726,7.208075958635309,6
289,-1.759743324793726,-175.9743324793726,3.610455842851443,6
290,-1.759743324793708,-175.9743324793708,4.315098550409469,6
291,-1.759743324793726,-175.9743324793726,6.25214171348256,6
292,-1.759743324793708,-175.9743324793708,6.08281238434237,6
293,-1.759743324793726,-175.9743324793726,6.183645676323685,6
294,-1.759743324793708,-175.9743324793708,5.983345975298552,6
295,-1.759743324793726,-175.9743324793726,6.25214171348256,6
296,-1.759743324793708,-175.9743324793708,3.666116152942741,6
297,-1.759743324793726,-175.9743324793726,3.576269062187192,6
298,-1.759743324793726,-175.9743324793726,6.183645676323685,6
299,-1.759743324793726,-175.9743324793726,7.13982393658191,6
300,-1.759743324793708,-175.9743324793708,6.835647163492464,6
301,-1.759743324793708,-175.9743324793708,4.274905121666152,6
302,-1.759743324793726,-175.9743324793726,4.345685683061476,6
303,-1.759743324793726,-175.9743324793726,4.455723617851436,6
304,-1.759743324793726,-175.9743324793726,6.234712395600115,6
305,-1.759743324793726,-175.9743324793726,7.139579921476434,6
306,-1.759743324793708,-175.9743324793708,6.021273361937709,6
307,-1.759743324793726,-175.9743324793726,6.294312146476441,6
308,-1.759743324793726,-175.9743324793726,3.5419598056925676,6
309,-1.759743324793708,-175.9743324793708,3.666116152942741,6
310,-1.759743324793708,-175.9743324793708,3.479939746013744,6
311,-1.759743324793726,-175.9743324793726,6.25214171348256,6
312,-1.759743324793708,-175.9743324793708,6.138913972785804,6
313,-1.759743324793708,-175.9743324793708,4.338751726344469,6
314,-1.759743324793708,-175.9743324793708,6.835647163492464,6
315,-1.759743324793708,-175.9743324793708,5.983345975298552,6
316,-1.759743324793708,-175.9743324793708,6.835647163492464,6
317,-1.759743324793726,-175.9743324793726,6.183645676323685,6
318,-1.759743324793726,-175.9743324793726,6.291658926664569,6
319,-1.759743324793708,-175.9743324793708,6.832630920116066,6
320,-1.759743324793726,-175.9743324793726,3.576269062187192,6
321,-1.759743324793726,-175.9743324793726,7.13982393658191,6
322,-1.759743324793726,-175.9743324793726,7.208075958635309,6
323,-1.759743324793708,-175.9743324793708,4.338751726344469,6
324,-1.759743324793708,-175.9743324793708,6.835647163492464,6
325,-1.759743324793726,-175.9743324793726,7.13982393658191,6
326,-1.759743324793708,-175.9743324793708,6.835647163492464,6
327,-1.759743324793726,-175.9743324793726,4.455723617851436,6
328,-1.759743324793708,-175.9743324793708,6.775091091478467,6
329,-1.759743324793726,-175.9743324793726,6.362808183635316,6
330,-1.759743324793726,-175.9743324793726,6.25214171348256,6
331,-1.759743324793726,-175.9743324793726,6.25214171348256,6
332,-1.759743324793726,-175.9743324793726,6.362808183635316,6
333,-1.759743324793708,-175.9743324793708,6.775091091478467,6
334,-1.759743324793708,-175.9743324793708,4.338751726344469,6
335,-1.759743324793726,-175.9743324793726,6.294312146476441,6
336,-1.759743324793708,-175.9743324793708,5.92167649079729,6
337,-1.759743324793708,-175.9743324793708,4.338751726344469,6
338,-1.759743324793708,-175.9743324793708,6.027654593186348,6
339,-1.759743324793726,-175.9743324793726,3.5419598056925676,6
340,-1.759743324793726,-175.9743324793726,7.139579921476434,6
341,-1.759743324793708,-175.9743324793708,3.479939746013744,6
342,-1.759743324793708,-175.9743324793708,6.775091091478467,6
343,-1.759743324793708,-175.9743324793708,6.08281238434237,6
344,-1.759743324793708,-175.9743324793708,6.775091091478467,6
345,-1.759743324793708,-175.9743324793708,6.089254607753422,6
346,-1.759743324793726,-175.9743324793726,6.362808183635316,6
347,-1.759743324793708,-175.9743324793708,6.0237033923395655,6
348,-1.759743324793708,-175.9743324793708,6.8981821355299235,6
349,-1.759743324793726,-175.9743324793726,7.071976476528155,6
350,-1.759743324793726,-175.9743324793726,7.208075958635309,6
351,-1.759743324793708,-175.9743324793708,6.021273361937709,6
352,-1.759743324793726,-175.9743324793726,7.208075958635309,6
353,-1.759743324793708,-175.9743324793708,6.08281238434237,6
354,-1.759743324793708,-175.9743324793708,6.775091091478467,6
355,-1.759743324793708,-175.9743324793708,3.479939746013744,6
356,-1.759743324793726,-175.9743324793726,6.362808183635316,6
357,-1.759743324793708,-175.9743324793708,5.983345975298552,6
358,-1.759743324793726,-175.9743324793726,7.139579921476434,6
359,-1.759743324793708,-175.9743324793708,3.5976201157838656,6
360,-1.759743324793726,-175.9743324793726,6.25214171348256,6
361,-1.759743324793708,-175.9743324793708,6.835647163492464,6
362,-1.759743324793726,-175.9743324793726,3.5975337471044506,6
363,-1.759743324793708,-175.9743324793708,3.5976201157838656,6
364,-1.759743324793708,-175.9743324793708,6.021273361937709,6
365,-1.759743324793726,-175.9743324793726,6.355774472375868,6
366,-1.759743324793726,-175.9743324793726,6.302559855653871,6
367,-1.759743324793726,-175.9743324793726,6.355774472375868,6
368,-1.759743324793726,-175.9743324793726,6.25214171348256,6
369,-1.759743324793726,-175.9743324793726,7.0767778905805585,6
370,-1.759743324793708,-175.9743324793708,6.021273361937709,6
371,-1.759743324793726,-175.9743324793726,7.208075958635309,6
372,-1.759743324793708,-175.9743324793708,6.8981821355299235,6
373,-1.759743324793708,-175.9743324793708,4.274905121666152,6
374,-1.759743324793708,-175.9743324793708,6.835647163492464,6
375,-1.759743324793708,-175.9743324793708,6.835647163492464,6
376,-1.759743324793726,-175.9743324793726,3.5975337471044506,6
377,-1.759743324793726,-175.9743324793726,6.25214171348256,6
378,-1.759743324793726,-175.9743324793726,4.348636122217381,6
379,-1.759743324793708,-175.9743324793708,6.072828171130405,6
380,-1.759743324793708,-175.9743324793708,4.338751726344469,6
381,-1.759743324793708,-175.9743324793708,6.835647163492464,6
382,-1.759743324793726,-175.9743324793726,7.208075958635309,6
383,-1.759743324793708,-175.9743324793708,6.07684410227074,6
384,-1.759743324793708,-175.9743324793708,3.5448508445253197,6
385,-1.759743324793708,-175.9743324793708,6.08281238434237,6
386,-1.759743324793726,-175.9743324793726,7.208075958635309,6
387,-1.759743324793708,-175.9743324793708,6.08281238434237,6
388,-1.759743324793708,-175.9743324793708,6.775091091478467,6
389,-1.759743324793708,-175.9743324793708,3.666116152942741,6
390,-1.759743324793726,-175.9743324793726,6.25214171348256,6
391,-1.759743324793726,-175.9743324793726,6.355774472375868,6
392,-1.759743324793726,-175.9743324793726,6.294312146476441,6
393,-1.759743324793726,-175.9743324793726,6.291658926664569,6
394,-1.759743324793708,-175.9743324793708,5.983345975298552,6
395,-1.759743324793726,-175.9743324793726,7.208075958635309,6
396,-1.759743324793726,-175.9743324793726,4.455723617851436,6
397,-1.759743324793708,-175.9743324793708,6.072828171130405,6
398,-1.759743324793708,-175.9743324793708,6.835647163492464,6
399,-1.759743324793726,-175.9743324793726,4.413533143115231,6
400,-1.759743324793726,-175.9743324793726,3.610455842851443,6
401,-1.759743324793708,-175.9743324793708,5.983345975298552,6
402,-1.759743324793726,-175.9743324793726,3.610455842851443,6
403,-1.759743324793726,-175.9743324793726,6.355774472375868,6
404,-1.759743324793708,-175.9743324793708,6.08281238434237,6
405,-1.759743324793708,-175.9743324793708,6.835647163492464,6
406,-1.759743324793708,-175.9743324793708,6.8981821355299235,6
407,-1.759743324793726,-175.9743324793726,4.387227580692561,6
408,-1.759743324793708,-175.9743324793708,6.08281238434237,6
409,-1.759743324793708,-175.9743324793708,6.835647163492464,6
410,-1.759743324793708,-175.9743324793708,6.0237033923395655,6
411,-1.759743324793726,-175.9743324793726,7.208075958635309,6
412,-1.759743324793726,-175.9743324793726,7.208075958635309,6
413,-1.759743324793708,-175.9743324793708,3.479939746013744,6
414,-1.759743324793708,-175.9743324793708,3.666116152942741,6
415,-1.759743324793708,-175.9743324793708,3.5976201157838656,6
416,-1.759743324793708,-175.9743324793708,5.983345975298552,6
417,-1.759743324793726,-175.9743324793726,4.455723617851436,6
418,-1.759743324793726,-175.9743324793726,6.291658926664569,6
419,-1.759743324793708,-175.9743324793708,6.08281238434237,6
420,-1.759743324793726,-175.9743324793726,3.5419598056925676,6
421,-1.759743324793726,-175.9743324793726,6.294312146476441,6
422,-1.759743324793726,-175.9743324793726,4.345685683061476,6
423,-1.759743324793708,-175.9743324793708,3.563554874394717,6
424,-1.759743324793726,-175.9743324793726,6.294312146476441,6
425,-1.759743324793708,-175.9743324793708,6.835647163492464,6
426,-1.759743324793726,-175.9743324793726,4.455723617851436,6
427,-1.759743324793726,-175.9743324793726,6.362808183635316,6
428,-1.759743324793726,-175.9743324793726,7.13982393658191,6
429,-1.759743324793708,-175.9743324793708,6.775091091478467,6
430,-1.759743324793708,-175.9743324793708,5.216617099256634,6
431,-1.759743324793708,-175.9743324793708,6.8981821355299235,6
432,-1.759743324793708,-175.9743324793708,3.666116152942741,6
433,-1.759743324793726,-175.9743324793726,3.610455842851443,6
434,-1.759743324793726,-175.9743324793726,6.238945361562077,6
435,-1.759743324793708,-175.9743324793708,3.631402334448472,6
436,-1.759743324793726,-175.9743324793726,7.208075958635309,6
437,-1.759743324793726,-175.9743324793726,4.387227580692561,6
438,-1.759743324793726,-175.9743324793726,6.294312146476441,6
439,-1.759743324793708,-175.9743324793708,5.983345975298552,6
440,-1.759743324793708,-175.9743324793708,6.835647163492464,6
441,-1.759743324793726,-175.9743324793726,7.13982393658191,6
442,-1.759743324793708,-175.9743324793708,6.021273361937709,6
443,-1.759743324793708,-175.9743324793708,6.08281238434237,6
444,-1.759743324793708,-175.9743324793708,6.08281238434237,6
445,-1.759743324793708,-175.9743324793708,6.8981821355299235,6
446,-1.759743324793708,-175.9743324793708,4.274905121666152,6
447,-1.759743324793708,-175.9743324793708,5.983345975298552,6
448,-1.759743324793726,-175.9743324793726,4.345685683061476,6
449,-1.759743324793708,-175.9743324793708,5.983345975298552,6
450,-1.759743324793708,-175.9743324793708,4.338751726344469,6
451,-1.759743324793708,-175.9743324793708,6.089254607753422,6
452,-1.759743324793726,-175.9743324793726,3.610455842851443,6
453,-1.759743324793726,-175.9743324793726,7.139579921476434,6
454,-1.759743324793726,-175.9743324793726,6.302559855653871,6
455,-1.759743324793708,-175.9743324793708,5.983345975298552,6
456,-1.759743324793708,-175.9743324793708,6.0237033923395655,6
457,-1.759743324793708,-175.9743324793708,4.37951798818079,6
458,-1.759743324793708,-175.9743324793708,6.08281238434237,6
459,-1.759743324793708,-175.9743324793708,4.274905121666152,6
460,-1.759743324793708,-175.9743324793708,4.274905121666152,6
461,-1.759743324793708,-175.9743324793708,6.835647163492464,6
462,-1.759743324793726,-175.9743324793726,3.5975337471044506,6
463,-1.759743324793708,-175.9743324793708,5.983345975298552,6
464,-1.759743324793726,-175.9743324793726,6.183645676323685,6
465,-1.759743324793708,-175.9743324793708,4.37951798818079,6
466,-1.759743324793708,-175.9743324793708,5.983345975298552,6
467,-1.759743324793708,-175.9743324793708,6.021273361937709,6
468,-1.759743324793726,-175.9743324793726,7.208075958635309,6
469,-1.759743324793708,-175.9743324793708,6.021273361937709,6
470,-1.759743324793708,-175.9743324793708,5.92167649079729,6
471,-1.759743324793726,-175.9743324793726,3.5380443768682497,6
472,-1.759743324793708,-175.9743324793708,6.835647163492464,6
473,-1.759743324793726,-175.9743324793726,7.13982393658191,6
474,-1.759743324793726,-175.9743324793726,3.610455842851443,6
475,-1.759743324793726,-175.9743324793726,6.362808183635316,6
476,-1.759743324793726,-175.9743324793726,6.25214171348256,6
477,-1.759743324793708,-175.9743324793708,5.153937318394912,6
478,-1.759743324793726,-175.9743324793726,3.5637488715079604,6
479,-1.759743324793726,-175.9743324793726,4.387227580692561,6
480,-1.759743324793726,-175.9743324793726,6.294312146476441,6
481,-1.759743324793708,-175.9743324793708,5.983345975298552,6
482,-1.759743324793726,-175.9743324793726,4.413533143115231,6
483,-1.759743324793708,-175.9743324793708,6.837112730610197,6
484,-1.759743324793726,-175.9743324793726,3.5975337471044506,6
485,-1.759743324793726,-175.9743324793726,6.355774472375868,6
486,-1.759743324793726,-175.9743324793726,7.208075958635309,6
487,-1.759743324793726,-175.9743324793726,6.183645676323685,6
488,-1.759743324793726,-175.9743324793726,3.540466775523325,6
489,-1.759743324793726,-175.9743324793726,6.25214171348256,6
490,-1.759743324793708,-175.9743324793708,6.775091091478467,6
491,-1.759743324793708,-175.9743324793708,6.027654593186348,6
492,-1.759743324793708,-175.9743324793708,4.338751726344469,6
493,-1.759743324793708,-175.9743324793708,3.631402334448472,6
494,-1.759743324793708,-175.9743324793708,3.479939746013744,6
495,-1.759743324793726,-175.9743324793726,4.455723617851436,6
496,-1.759743324793708,-175.9743324793708,3.563554874394717,6
497,-1.759743324793708,-175.9743324793708,6.835647163492464,6
498,-1.759743324793708,-175.9743324793708,4.274905121666152,6
499,-1.759743324793726,-175.9743324793726,3.5419598056925676,6
500,-1.759743324793726,-175.9743324793726,3.532693560734326,6
501,-1.759743324793708,-175.9743324793708,3.5976201157838656,6
502,-1.759743324793726,-175.9743324793726,7.208075958635309,6
503,-1.759743324793726,-175.9743324793726,6.294312146476441,6
504,-1.759743324793708,-175.9743324793708,6.021273361937709,6
505,-1.759743324793726,-175.9743324793726,7.139579921476434,6
506,-1.759743324793708,-175.9743324793708,5.983345975298552,6
507,-1.759743324793726,-175.9743324793726,3.5637488715079604,6
508,-1.759743324793726,-175.9743324793726,6.25214171348256,6
509,-1.759743324793726,-175.9743324793726,6.294312146476441,6
510,-1.759743324793726,-175.9743324793726,3.5975337471044506,6
511,-1.759743324793708,-175.9743324793708,6.775091091478467,6
512,-1.759743324793726,-175.9743324793726,6.25214171348256,6
513,-1.759743324793708,-175.9743324793708,6.775091091478467,6
514,-1.759743324793708,-175.9743324793708,4.338751726344469,6
515,-1.759743324793726,-175.9743324793726,6.294312146476441,6
516,-1.759743324793708,-175.9743324793708,6.8981821355299235,6
517,-1.759743324793708,-175.9743324793708,5.216617099256634,6
518,-1.759743324793726,-175.9743324793726,6.25214171348256,6
519,-1.759743324793726,-175.9743324793726,3.5975337471044506,6
520,-1.759743324793726,-175.9743324793726,3.5975337471044506,6
521,-1.759743324793708,-175.9743324793708,6.08281238434237,6
522,-1.759743324793708,-175.9743324793708,3.479939746013744,6
523,-1.759743324793708,-175.9743324793708,5.153937318394912,6
524,-1.759743324793726,-175.9743324793726,7.208075958635309,6
525,-1.759743324793708,-175.9743324793708,5.983345975298552,6
526,-1.759743324793726,-175.9743324793726,7.139579921476434,6
527,-1.759743324793708,-175.9743324793708,6.021273361937709,6
528,-1.759743324793726,-175.9743324793726,3.5419598056925676,6
529,-1.759743324793726,-175.9743324793726,3.6316000251238614,6
530,-1.759743324793708,-175.9743324793708,6.835647163492464,6
531,-1.759743324793726,-175.9743324793726,6.355774472375868,6
532,-1.759743324793726,-175.9743324793726,7.0767778905805585,6
533,-1.759743324793726,-175.9743324793726,7.13982393658191,6
534,-1.759743324793708,-175.9743324793708,6.832630920116066,6
535,-1.759743324793726,-175.9743324793726,6.25214171348256,6
536,-1.759743324793726,-175.9743324793726,6.355774472375868,6
537,-1.759743324793708,-175.9743324793708,3.548706711958257,6
538,-1.759743324793726,-175.9743324793726,6.25214171348256,6
539,-1.759743324793708,-175.9743324793708,4.274905121666152,6
540,-1.759743324793708,-175.9743324793708,6.775091091478467,6
541,-1.759743324793708,-175.9743324793708,3.5976201157838656,6
542,-1.759743324793726,-175.9743324793726,4.455723617851436,6
543,-1.759743324793708,-175.9743324793708,4.274905121666152,6
544,-1.759743324793708,-175.9743324793708,3.479939746013744,6
545,-1.759743324793708,-175.9743324793708,6.138913972785804,6
546,-1.759743324793726,-175.9743324793726,6.355774472375868,6
547,-1.759743324793708,-175.9743324793708,6.775091091478467,6
548,-1.759743324793708,-175.9743324793708,3.5976201157838656,6
549,-1.759743324793726,-175.9743324793726,7.13982393658191,6
550,-1.759743324793708,-175.9743324793708,5.92167649079729,6
551,-1.759743324793708,-175.9743324793708,3.666116152942741,6
552,-1.759743324793726,-175.9743324793726,6.294312146476441,6
553,-1.759743324793726,-175.9743324793726,6.302559855653871,6
554,-1.759743324793726,-175.9743324793726,4.455723617851436,6
555,-1.759743324793726,-175.9743324793726,6.287354153568684,6
556,-1.759743324793708,-175.9743324793708,3.5976201157838656,6
557,-1.759743324793726,-175.9743324793726,3.6316000251238614,6
558,-1.759743324793708,-175.9743324793708,5.153937318394912,6
559,-1.759743324793726,-175.9743324793726,6.25214171348256,6
560,-1.759743324793726,-175.9743324793726,6.362808183635316,6
561,-1.759743324793726,-175.9743324793726,6.25214171348256,6
562,-1.759743324793708,-175.9743324793708,4.338751726344469,6
563,-1.759743324793726,-175.9743324793726,7.13982393658191,6
564,-1.759743324793726,-175.9743324793726,4.387227580692561,6
565,-1.759743324793708,-175.9743324793708,6.8981821355299235,6
566,-1.759743324793708,-175.9743324793708,6.835647163492464,6
567,-1.759743324793726,-175.9743324793726,7.208075958635309,6
568,-1.759743324793708,-175.9743324793708,5.983345975298552,6
569,-1.759743324793708,-175.9743324793708,6.835647163492464,6
570,-1.759743324793726,-175.9743324793726,3.5419598056925676,6
571,-1.759743324793726,-175.9743324793726,4.455723617851436,6
572,-1.759743324793708,-175.9743324793708,4.274905121666152,6
573,-1.759743324793726,-175.9743324793726,6.362808183635316,6
574,-1.759743324793708,-175.9743324793708,6.835647163492464,6
575,-1.759743324793708,-175.9743324793708,5.983345975298552,6
576,-1.759743324793708,-175.9743324793708,6.775091091478467,6
577,-1.759743324793726,-175.9743324793726,3.610455842851443,6
578,-1.759743324793708,-175.9743324793708,4.274905121666152,6
579,-1.759743324793726,-175.9743324793726,7.208075958635309,6
580,-1.759743324793726,-175.9743324793726,7.139579921476434,6
581,-1.759743324793726,-175.9743324793726,3.5975337471044506,6
582,-1.759743324793708,-175.9743324793708,6.8981821355299235,6
583,-1.759743324793708,-175.9743324793708,6.832630920116066,6
584,-1.759743324793726,-175.9743324793726,3.5975337471044506,6
585,-1.759743324793708,-175.9743324793708,6.835647163492464,6
586,-1.759743324793726,-175.9743324793726,7.139579921476434,6
587,-1.759743324793708,-175.9743324793708,6.775091091478467,6
588,-1.759743324793726,-175.9743324793726,7.208075958635309,6
589,-1.759743324793726,-175.9743324793726,6.294312146476441,6
590,-1.759743324793726,-175.9743324793726,6.362808183635316,6
591,-1.759743324793726,-175.9743324793726,5.3383779013236925,6
592,-1.759743324793708,-175.9743324793708,5.983345975298552,6
593,-1.759743324793726,-175.9743324793726,6.294312146476441,6
594,-1.759743324793708,-175.9743324793708,6.775091091478467,6
595,-1.759743324793726,-175.9743324793726,6.362808183635316,6
596,-1.759743324793726,-175.9743324793726,4.413533143115231,6
597,-1.759743324793726,-175.9743324793726,7.208075958635309,6
598,-1.759743324793726,-175.9743324793726,7.139579921476434,6
599,-1.759743324793708,-175.9743324793708,6.775091091478467,6
600,-1.759743324793708,-175.9743324793708,6.072828171130405,6
601,-1.759743324793726,-175.9743324793726,3.5975337471044506,6
602,-1.759743324793708,-175.9743324793708,4.338751726344469,6
603,-1.759743324793708,-175.9743324793708,6.08281238434237,6
604,-1.759743324793708,-175.9743324793708,5.983345975298552,6
605,-1.759743324793726,-175.9743324793726,4.413533143115231,6
606,-1.759743324793726,-175.9743324793726,3.610455842851443,6
607,-1.759743324793726,-175.9743324793726,4.387227580692561,6
608,-1.759743324793708,-175.9743324793708,4.338751726344469,6
609,-1.759743324793726,-175.9743324793726,6.234712395600115,6
610,-1.759743324793708,-175.9743324793708,5.983345975298552,6
611,-1.759743324793726,-175.9743324793726,7.13982393658191,6
612,-1.759743324793708,-175.9743324793708,6.138913972785804,6
613,-1.759743324793708,-175.9743324793708,3.56597429738166,6
614,-1.759743324793726,-175.9743324793726,7.13982393658191,6
615,-1.759743324793708,-175.9743324793708,6.775091091478467,6
616,-1.759743324793726,-175.9743324793726,3.540466775523325,6
617,-1.759743324793708,-175.9743324793708,6.835647163492464,6
618,-1.759743324793708,-175.9743324793708,6.835647163492464,6
619,-1.759743324793726,-175.9743324793726,3.6316000251238614,6
620,-1.759743324793726,-175.9743324793726,4.348636122217381,6
621,-1.759743324793726,-175.9743324793726,6.25214171348256,6
622,-1.759743324793726,-175.9743324793726,3.610455842851443,6
623,-1.759743324793708,-175.9743324793708,4.274905121666152,6
624,-1.759743324793708,-175.9743324793708,6.0237033923395655,6
625,-1.759743324793708,-175.9743324793708,5.983345975298552,6
626,-1.759743324793726,-175.9743324793726,7.139579921476434,6
627,-1.759743324793726,-175.9743324793726,6.294312146476441,6
628,-1.759743324793726,-175.9743324793726,3.532693560734326,6
629,-1.759743324793726,-175.9743324793726,4.387227580692561,6
630,-1.759743324793726,-175.9743324793726,4.413533143115231,6
631,-1.759743324793726,-175.9743324793726,6.294312146476441,6
632,-1.759743324793726,-175.9743324793726,7.139579921476434,6
633,-1.759743324793726,-175.9743324793726,7.208075958635309,6
634,-1.759743324793708,-175.9743324793708,5.92167649079729,6
635,-1.759743324793708,-175.9743324793708,3.631402334448472,6
636,-1.759743324793708,-175.9743324793708,4.37951798818079,6
637,-1.759743324793708,-175.9743324793708,3.5976201157838656,6
638,-1.759743324793708,-175.9743324793708,6.835647163492464,6
639,-1.759743324793726,-175.9743324793726,7.208075958635309,6
640,-1.759743324793708,-175.9743324793708,6.835647163492464,6
641,-1.759743324793708,-175.9743324793708,5.92167649079729,6
642,-1.759743324793726,-175.9743324793726,7.13982393658191,6
643,-1.759743324793726,-175.9743324793726,4.387227580692561,6
644,-1.759743324793726,-175.9743324793726,3.610455842851443,6
645,-1.759743324793726,-175.9743324793726,6.25214171348256,6
646,-1.759743324793726,-175.9743324793726,7.208075958635309,6
647,-1.759743324793708,-175.9743324793708,6.835647163492464,6
648,-1.759743324793726,-175.9743324793726,3.5975337471044506,6
649,-1.759743324793708,-175.9743324793708,4.37951798818079,6
650,-1.759743324793708,-175.9743324793708,6.832630920116066,6
651,-1.759743324793708,-175.9743324793708,4.274905121666152,6
652,-1.759743324793726,-175.9743324793726,6.362808183635316,6
653,-1.759743324793708,-175.9743324793708,6.835647163492464,6
654,-1.759743324793726,-175.9743324793726,4.387227580692561,6
655,-1.759743324793726,-175.9743324793726,3.610455842851443,6
656,-1.759743324793726,-175.9743324793726,7.208075958635309,6
657,-1.759743324793726,-175.9743324793726,4.387227580692561,6
658,-1.759743324793708,-175.9743324793708,5.92167649079729,6
659,-1.759743324793726,-175.9743324793726,4.387227580692561,6
660,-1.759743324793726,-175.9743324793726,7.13982393658191,6
661,-1.759743324793708,-175.9743324793708,4.37951798818079,6
662,-1.759743324793726,-175.9743324793726,6.294312146476441,6
663,-1.759743324793708,-175.9743324793708,6.775091091478467,6
664,-1.759743324793708,-175.9743324793708,6.835647163492464,6
665,-1.759743324793726,-175.9743324793726,7.139579921476434,6
666,-1.759743324793726,-175.9743324793726,6.294312146476441,6
667,-1.759743324793726,-175.9743324793726,6.25214171348256,6
668,-1.759743324793708,-175.9743324793708,6.8981821355299235,6
669,-1.759743324793726,-175.9743324793726,5.3383779013236925,6
670,-1.759743324793708,-175.9743324793708,3.5976201157838656,6
671,-1.759743324793708,-175.9743324793708,6.072828171130405,6
672,-1.759743324793726,-175.9743324793726,5.406873938482567,6
673,-1.759743324793708,-175.9743324793708,4.274905121666152,6
674,-1.759743324793726,-175.9743324793726,4.455723617851436,6
675,-1.759743324793708,-175.9743324793708,3.56597429738166,6
676,-1.759743324793726,-175.9743324793726,6.25214171348256,6
677,-1.759743324793726,-175.9743324793726,6.25214171348256,6
678,-1.759743324793726,-175.9743324793726,3.5975337471044506,6
679,-1.759743324793708,-175.9743324793708,6.021273361937709,6
680,-1.759743324793708,-175.9743324793708,6.835647163492464,6
681,-1.759743324793726,-175.9743324793726,5.406873938482567,6
682,-1.759743324793708,-175.9743324793708,6.021273361937709,6
683,-1.759743324793726,-175.9743324793726,7.208075958635309,6
684,-1.759743324793726,-175.9743324793726,4.455723617851436,6
685,-1.759743324793726,-175.9743324793726,4.413533143115231,6
686,-1.759743324793708,-175.9743324793708,6.835647163492464,6
687,-1.759743324793726,-175.9743324793726,6.25214171348256,6
688,-1.759743324793708,-175.9743324793708,5.92167649079729,6
689,-1.759743324793726,-175.9743324793726,3.610455842851443,6
690,-1.759743324793726,-175.9743324793726,4.387227580692561,6
691,-1.759743324793726,-175.9743324793726,4.455723617851436,6
692,-1.759743324793708,-175.9743324793708,6.08281238434237,6
693,-1.759743324793708,-175.9743324793708,6.775091091478467,6
694,-1.759743324793726,-175.9743324793726,7.13982393658191,6
695,-1.759743324793726,-175.9743324793726,7.139579921476434,6
696,-1.759743324793726,-175.9743324793726,4.387227580692561,6
697,-1.759743324793708,-175.9743324793708,6.8981821355299235,6
698,-1.759743324793726,-175.9743324793726,6.362808183635316,6
699,-1.759743324793708,-175.9743324793708,6.832630920116066,6
700,-1.759743324793726,-175.9743324793726,3.5637488715079604,6
701,-1.759743324793708,-175.9743324793708,4.274905121666152,6
702,-1.759743324793726,-175.9743324793726,5.3383779013236925,6
703,-1.759743324793708,-175.9743324793708,3.483727557333576,6
704,-1.759743324793708,-175.9743324793708,3.631402334448472,6
705,-1.759743324793726,-175.9743324793726,4.455723617851436,6
706,-1.759743324793726,-175.9743324793726,7.139579921476434,6
707,-1.759743324793708,-175.9743324793708,6.835647163492464,6
708,-1.759743324793726,-175.9743324793726,7.208075958635309,6
709,-1.759743324793708,-175.9743324793708,6.08281238434237,6
710,-1.759743324793708,-175.9743324793708,3.5976201157838656,6
711,-1.759743324793708,-175.9743324793708,3.5976201157838656,6
712,-1.759743324793708,-175.9743324793708,5.983345975298552,6
713,-1.759743324793726,-175.9743324793726,6.355774472375868,6
714,-1.759743324793708,-175.9743324793708,4.37951798818079,6
715,-1.759743324793708,-175.9743324793708,5.983345975298552,6
716,-1.759743324793726,-175.9743324793726,3.540466775523325,6
717,-1.759743324793726,-175.9743324793726,7.208075958635309,6
718,-1.759743324793726,-175.9743324793726,3.576269062187192,6
719,-1.759743324793726,-175.9743324793726,4.413533143115231,6
720,-1.759743324793708,-175.9743324793708,4.338751726344469,6
721,-1.759743324793708,-175.9743324793708,4.338751726344469,6
722,-1.759743324793726,-175.9743324793726,3.6316000251238614,6
723,-1.759743324793726,-175.9743324793726,7.139579921476434,6
724,-1.759743324793726,-175.9743324793726,3.6316000251238614,6
725,-1.759743324793726,-175.9743324793726,6.294312146476441,6
726,-1.759743324793726,-175.9743324793726,7.071976476528155,6
727,-1.759743324793726,-175.9743324793726,4.387227580692561,6
728,-1.759743324793708,-175.9743324793708,6.835647163492464,6
729,-1.759743324793708,-175.9743324793708,3.631402334448472,6
730,-1.759743324793726,-175.9743324793726,7.208075958635309,6
731,-1.759743324793726,-175.9743324793726,6.25214171348256,6
732,-1.759743324793708,-175.9743324793708,6.775091091478467,6
733,-1.759743324793726,-175.9743324793726,7.13982393658191,6
734,-1.759743324793708,-175.9743324793708,6.07684410227074,6
735,-1.759743324793708,-175.9743324793708,5.153937318394912,6
736,-1.759743324793726,-175.9743324793726,6.25214171348256,6
737,-1.759743324793708,-175.9743324793708,5.983345975298552,6
738,-1.759743324793708,-175.9743324793708,6.08281238434237,6
739,-1.759743324793708,-175.9743324793708,6.837112730610197,6
740,-1.759743324793726,-175.9743324793726,4.387227580692561,6
741,-1.759743324793708,-175.9743324793708,3.5976201157838656,6
742,-1.759743324793708,-175.9743324793708,6.8981821355299235,6
743,-1.759743324793708,-175.9743324793708,3.483727557333576,6
744,-1.759743324793726,-175.9743324793726,6.294312146476441,6
745,-1.759743324793708,-175.9743324793708,5.983345975298552,6
746,-1.759743324793708,-175.9743324793708,3.666116152942741,6
747,-1.759743324793726,-175.9743324793726,3.610455842851443,6
748,-1.759743324793726,-175.9743324793726,6.25214171348256,6
749,-1.759743324793708,-175.9743324793708,6.8981821355299235,6
750,-1.759743324793708,-175.9743324793708,5.92167649079729,6
751,-1.759743324793708,-175.9743324793708,5.983345975298552,6
752,-1.759743324793726,-175.9743324793726,7.139579921476434,6
753,-1.759743324793708,-175.9743324793708,6.775091091478467,6
754,-1.759743324793708,-175.9743324793708,3.666116152942741,6
755,-1.759743324793708,-175.9743324793708,6.08281238434237,6
756,-1.759743324793708,-175.9743324793708,6.08281238434237,6
757,-1.759743324793726,-175.9743324793726,4.455723617851436,6
758,-1.759743324793726,-175.9743324793726,6.362808183635316,6
759,-1.759743324793708,-175.9743324793708,6.775091091478467,6
760,-1.759743324793708,-175.9743324793708,5.983345975298552,6
761,-1.759743324793708,-175.9743324793708,6.835647163492464,6
762,-1.759743324793726,-175.9743324793726,7.208075958635309,6
763,-1.759743324793708,-175.9743324793708,3.5976201157838656,6
764,-1.759743324793726,-175.9743324793726,3.610455842851443,6
765,-1.759743324793726,-175.9743324793726,4.348636122217381,6
766,-1.759743324793726,-175.9743324793726,6.25214171348256,6
767,-1.759743324793708,-175.9743324793708,4.274905121666152,6
768,-1.759743324793726,-175.9743324793726,7.208075958635309,6
769,-1.759743324793708,-175.9743324793708,4.338751726344469,6
770,-1.759743324793726,-175.9743324793726,6.294312146476441,6
771,-1.759743324793726,-175.9743324793726,4.345685683061476,6
772,-1.759743324793708,-175.9743324793708,6.089254607753422,6
773,-1.759743324793726,-175.9743324793726,4.387227580692561,6
774,-1.759743324793726,-175.9743324793726,4.413533143115231,6
775,-1.759743324793708,-175.9743324793708,3.479939746013744,6
776,-1.759743324793726,-175.9743324793726,7.13982393658191,6
777,-1.759743324793726,-175.9743324793726,7.139579921476434,6
778,-1.759743324793726,-175.9743324793726,3.610455842851443,6
779,-1.759743324793708,-175.9743324793708,4.37951798818079,6
780,-1.759743324793708,-175.9743324793708,5.983345975298552,6
781,-1.759743324793726,-175.9743324793726,7.13982393658191,6
782,-1.759743324793708,-175.9743324793708,4.274905121666152,6
783,-1.759743324793726,-175.9743324793726,6.362808183635316,6
784,-1.759743324793708,-175.9743324793708,4.338751726344469,6
785,-1.759743324793708,-175.9743324793708,5.983345975298552,6
786,-1.759743324793726,-175.9743324793726,4.455723617851436,6
787,-1.759743324793708,-175.9743324793708,6.775091091478467,6
788,-1.759743324793708,-175.9743324793708,5.92167649079729,6
789,-1.759743324793708,-175.9743324793708,3.666116152942741,6
790,-1.759743324793726,-175.9743324793726,6.238945361562077,6
791,-1.759743324793726,-175.9743324793726,7.208075958635309,6
792,-1.759743324793726,-175.9743324793726,7.139579921476434,6
793,-1.759743324793708,-175.9743324793708,3.666116152942741,6
794,-1.759743324793708,-175.9743324793708,5.983345975298552,6
795,-1.759743324793726,-175.9743324793726,4.345685683061476,6
796,-1.759743324793708,-175.9743324793708,6.138913972785804,6
797,-1.759743324793708,-175.9743324793708,6.021273361937709,6
798,-1.759743324793708,-175.9743324793708,6.08281238434237,6
799,-1.759743324793726,-175.9743324793726,7.208075958635309,6
800,-1.759743324793726,-175.9743324793726,6.294312146476441,6
801,-1.759743324793708,-175.9743324793708,6.8981821355299235,6
802,-1.759743324793708,-175.9743324793708,6.775091091478467,6
803,-1.759743324793708,-175.9743324793708,6.08281238434237,6
804,-1.759743324793726,-175.9743324793726,6.287354153568684,6
805,-1.759743324793708,-175.9743324793708,5.983345975298552,6
806,-1.759743324793726,-175.9743324793726,6.362808183635316,6
807,-1.759743324793708,-175.9743324793708,6.07684410227074,6
808,-1.759743324793708,-175.9743324793708,6.835647163492464,6
809,-1.759743324793708,-175.9743324793708,6.835647163492464,6
810,-1.759743324793726,-175.9743324793726,7.208075958635309,6
811,-1.759743324793726,-175.9743324793726,6.355774472375868,6
812,-1.759743324793708,-175.9743324793708,4.338751726344469,6
813,-1.759743324793726,-175.9743324793726,4.413533143115231,6
814,-1.759743324793708,-175.9743324793708,6.835647163492464,6
815,-1.759743324793726,-175.9743324793726,7.13982393658191,6
816,-1.759743324793726,-175.9743324793726,5.3383779013236925,6
817,-1.759743324793726,-175.9743324793726,4.348636122217381,6
818,-1.759743324793726,-175.9743324793726,6.355774472375868,6
819,-1.759743324793708,-175.9743324793708,4.338751726344469,6
820,-1.759743324793708,-175.9743324793708,4.31219342934717,6
821,-1.759743324793726,-175.9743324793726,6.362808183635316,6
822,-1.759743324793708,-175.9743324793708,6.08281238434237,6
823,-1.759743324793726,-175.9743324793726,6.355774472375868,6
824,-1.759743324793726,-175.9743324793726,6.294312146476441,6
825,-1.759743324793726,-175.9743324793726,6.25214171348256,6
826,-1.759743324793726,-175.9743324793726,3.610455842851443,6
827,-1.759743324793708,-175.9743324793708,6.775091091478467,6
828,-1.759743324793708,-175.9743324793708,6.8981821355299235,6
829,-1.759743324793708,-175.9743324793708,6.775091091478467,6
830,-1.759743324793708,-175.9743324793708,5.983345975298552,6
831,-1.759743324793708,-175.9743324793708,6.835647163492464,6
832,-1.759743324793708,-175.9743324793708,6.8981821355299235,6
833,-1.759743324793708,-175.9743324793708,6.832630920116066,6
834,-1.759743324793726,-175.9743324793726,6.302559855653871,6
835,-1.759743324793726,-175.9743324793726,5.406873938482567,6
836,-1.759743324793708,-175.9743324793708,5.983345975298552,6
837,-1.759743324793708,-175.9743324793708,6.089254607753422,6
838,-1.759743324793726,-175.9743324793726,7.208075958635309,6
839,-1.759743324793726,-175.9743324793726,6.234712395600115,6
840,-1.759743324793726,-175.9743324793726,7.13982393658191,6
841,-1.759743324793726,-175.9743324793726,7.208075958635309,6
842,-1.759743324793708,-175.9743324793708,6.835647163492464,6
843,-1.759743324793726,-175.9743324793726,3.610455842851443,6
844,-1.759743324793726,-175.9743324793726,3.5419598056925676,6
845,-1.759743324793726,-175.9743324793726,3.5419598056925676,6
846,-1.759743324793726,-175.9743324793726,7.208075958635309,6
847,-1.759743324793708,-175.9743324793708,6.835647163492464,6
848,-1.759743324793726,-175.9743324793726,4.455723617851436,6
849,-1.759743324793708,-175.9743324793708,6.835647163492464,6
850,-1.759743324793708,-175.9743324793708,6.8981821355299235,6
851,-1.759743324793726,-175.9743324793726,7.13982393658191,6
852,-1.759743324793708,-175.9743324793708,3.631402334448472,6
853,-1.759743324793708,-175.9743324793708,5.92167649079729,6
854,-1.759743324793708,-175.9743324793708,6.8981821355299235,6
855,-1.759743324793708,-175.9743324793708,6.832630920116066,6
856,-1.759743324793708,-175.9743324793708,6.8981821355299235,6
857,-1.759743324793726,-175.9743324793726,6.234712395600115,6
858,-1.759743324793708,-175.9743324793708,3.666116152942741,6
859,-1.759743324793726,-175.9743324793726,3.5975337471044506,6
860,-1.759743324793726,-175.9743324793726,4.455723617851436,6
861,-1.759743324793726,-175.9743324793726,7.139579921476434,6
862,-1.759743324793708,-175.9743324793708,6.835647163492464,6
863,-1.759743324793708,-175.9743324793708,6.775091091478467,6
864,-1.759743324793726,-175.9743324793726,6.25214171348256,6
865,-1.759743324793708,-175.9743324793708,6.138913972785804,6
866,-1.759743324793708,-175.9743324793708,6.8981821355299235,6
867,-1.759743324793726,-175.9743324793726,7.208075958635309,6
868,-1.759743324793708,-175.9743324793708,4.338751726344469,6
869,-1.759743324793726,-175.9743324793726,7.208075958635309,6
870,-1.759743324793708,-175.9743324793708,6.835647163492464,6
871,-1.759743324793708,-175.9743324793708,6.835647163492464,6
872,-1.759743324793708,-175.9743324793708,3.666116152942741,6
873,-1.759743324793726,-175.9743324793726,6.291658926664569,6
874,-1.759743324793726,-175.9743324793726,6.362808183635316,6
875,-1.759743324793708,-175.9743324793708,6.08281238434237,6
876,-1.759743324793726,-175.9743324793726,4.387227580692561,6
877,-1.759743324793708,-175.9743324793708,3.479939746013744,6
878,-1.759743324793708,-175.9743324793708,3.666116152942741,6
879,-1.759743324793708,-175.9743324793708,6.08281238434237,6
880,-1.759743324793726,-175.9743324793726,7.139579921476434,6
881,-1.759743324793726,-175.9743324793726,7.208075958635309,6
882,-1.759743324793726,-175.9743324793726,3.5975337471044506,6
883,-1.759743324793708,-175.9743324793708,5.983345975298552,6
884,-1.759743324793708,-175.9743324793708,3.631402334448472,6
885,-1.759743324793708,-175.9743324793708,4.338751726344469,6
886,-1.759743324793708,-175.9743324793708,5.983345975298552,6
887,-1.759743324793708,-175.9743324793708,6.021273361937709,6
888,-1.759743324793726,-175.9743324793726,7.208075958635309,6
889,-1.759743324793708,-175.9743324793708,6.08281238434237,6
890,-1.759743324793726,-175.9743324793726,3.5419598056925676,6
891,-1.759743324793726,-175.9743324793726,6.25214171348256,6
892,-1.759743324793726,-175.9743324793726,6.25214171348256,6
893,-1.759743324793708,-175.9743324793708,3.5448508445253197,6
894,-1.759743324793726,-175.9743324793726,6.294312146476441,6
895,-1.759743324793726,-175.9743324793726,3.5419598056925676,6
896,-1.759743324793708,-175.9743324793708,5.983345975298552,6
897,-1.759743324793726,-175.9743324793726,6.25214171348256,6
898,-1.759743324793708,-175.9743324793708,4.274905121666152,6
899,-1.759743324793726,-175.9743324793726,7.13982393658191,6
900,-1.759743324793726,-175.9743324793726,6.362808183635316,6
901,-1.759743324793708,-175.9743324793708,5.983345975298552,6
902,-1.759743324793726,-175.9743324793726,6.294312146476441,6
903,-1.759743324793726,-175.9743324793726,7.208075958635309,6
904,-1.759743324793708,-175.9743324793708,6.837112730610197,6
905,-1.759743324793708,-175.9743324793708,4.338751726344469,6
906,-1.759743324793726,-175.9743324793726,7.208075958635309,6
907,-1.759743324793708,-175.9743324793708,3.5976201157838656,6
908,-1.759743324793708,-175.9743324793708,5.92167649079729,6
909,-1.759743324793708,-175.9743324793708,6.08281238434237,6
910,-1.759743324793708,-175.9743324793708,4.274905121666152,6
911,-1.759743324793708,-175.9743324793708,3.631402334448472,6
912,-1.759743324793726,-175.9743324793726,7.208075958635309,6
913,-1.759743324793708,-175.9743324793708,3.666116152942741,6
914,-1.759743324793726,-175.9743324793726,4.455723617851436,6
915,-1.759743324793726,-175.9743324793726,6.25214171348256,6
916,-1.759743324793726,-175.9743324793726,6.287354153568684,6
917,-1.759743324793726,-175.9743324793726,7.13982393658191,6
918,-1.759743324793708,-175.9743324793708,3.479939746013744,6
919,-1.759743324793726,-175.9743324793726,3.540466775523325,6
920,-1.759743324793708,-175.9743324793708,6.832630920116066,6
921,-1.759743324793726,-175.9743324793726,4.387227580692561,6
922,-1.759743324793726,-175.9743324793726,7.208075958635309,6
923,-1.759743324793726,-175.9743324793726,3.5975337471044506,6
924,-1.759743324793708,-175.9743324793708,6.07684410227074,6
925,-1.759743324793726,-175.9743324793726,5.406873938482567,6
926,-1.759743324793726,-175.9743324793726,7.208075958635309,6
927,-1.759743324793726,-175.9743324793726,7.0767778905805585,6
928,-1.759743324793708,-175.9743324793708,6.021273361937709,6
929,-1.759743324793726,-175.9743324793726,4.455723617851436,6
930,-1.759743324793708,-175.9743324793708,6.835647163492464,6
931,-1.759743324793708,-175.9743324793708,4.274905121666152,6
932,-1.759743324793708,-175.9743324793708,3.5976201157838656,6
933,-1.759743324793708,-175.9743324793708,6.835647163492464,6
934,-1.759743324793726,-175.9743324793726,6.362808183635316,6
935,-1.759743324793708,-175.9743324793708,4.338751726344469,6
936,-1.759743324793726,-175.9743324793726,6.25214171348256,6
937,-1.759743324793708,-175.9743324793708,3.666116152942741,6
938,-1.759743324793708,-175.9743324793708,3.5976201157838656,6
939,-1.759743324793708,-175.9743324793708,6.0237033923395655,6
940,-1.759743324793708,-175.9743324793708,6.08281238434237,6
941,-1.759743324793708,-175.9743324793708,3.5976201157838656,6
942,-1.759743324793708,-175.9743324793708,4.338751726344469,6
943,-1.759743324793726,-175.9743324793726,6.294312146476441,6
944,-1.759743324793726,-175.9743324793726,4.455723617851436,6
945,-1.759743324793708,-175.9743324793708,6.835647163492464,6
946,-1.759743324793708,-175.9743324793708,3.5976201157838656,6
947,-1.759743324793726,-175.9743324793726,6.25214171348256,6
948,-1.759743324793726,-175.9743324793726,6.302559855653871,6
949,-1.759743324793708,-175.9743324793708,5.983345975298552,6
950,-1.759743324793726,-175.9743324793726,7.139579921476434,6
951,-1.759743324793708,-175.9743324793708,3.666116152942741,6
952,-1.759743324793708,-175.9743324793708,3.5976201157838656,6
953,-1.759743324793726,-175.9743324793726,6.302559855653871,6
954,-1.759743324793726,-175.9743324793726,7.139579921476434,6
955,-1.759743324793708,-175.9743324793708,5.92167649079729,6
956,-1.759743324793726,-175.9743324793726,3.610455842851443,6
957,-1.759743324793708,-175.9743324793708,3.5976201157838656,6
958,-1.759743324793726,-175.9743324793726,7.13982393658191,6
959,-1.759743324793726,-175.9743324793726,6.302559855653871,6
960,-1.759743324793708,-175.9743324793708,6.835647163492464,6
961,-1.759743324793708,-175.9743324793708,4.31219342934717,6
962,-1.759743324793726,-175.9743324793726,3.576269062187192,6
963,-1.759743324793708,-175.9743324793708,6.021273361937709,6
964,-1.759743324793726,-175.9743324793726,6.362808183635316,6
965,-1.759743324793708,-175.9743324793708,6.021273361937709,6
966,-1.759743324793708,-175.9743324793708,6.832630920116066,6
967,-1.759743324793726,-175.9743324793726,6.25214171348256,6
968,-1.759743324793726,-175.9743324793726,4.387227580692561,6
969,-1.759743324793726,-175.9743324793726,7.208075958635309,6
970,-1.759743324793708,-175.9743324793708,6.835647163492464,6
971,-1.759743324793726,-175.9743324793726,6.294312146476441,6
972,-1.759743324793708,-175.9743324793708,6.8981821355299235,6
973,-1.759743324793708,-175.9743324793708,6.8981821355299235,6
974,-1.759743324793708,-175.9743324793708,5.983345975298552,6
975,-1.759743324793708,-175.9743324793708,3.631402334448472,6
976,-1.759743324793708,-175.9743324793708,6.837112730610197,6
977,-1.759743324793726,-175.9743324793726,7.13982393658191,6
978,-1.759743324793726,-175.9743324793726,7.208075958635309,6
979,-1.759743324793708,-175.9743324793708,6.08281238434237,6
980,-1.759743324793708,-175.9743324793708,4.315098550409469,6
981,-1.759743324793726,-175.9743324793726,5.406873938482567,6
982,-1.759743324793726,-175.9743324793726,3.5975337471044506,6
983,-1.759743324793708,-175.9743324793708,3.5448508445253197,6
984,-1.759743324793708,-175.9743324793708,3.5976201157838656,6
985,-1.759743324793726,-175.9743324793726,7.13982393658191,6
986,-1.759743324793708,-175.9743324793708,6.775091091478467,6
987,-1.759743324793726,-175.9743324793726,7.0767778905805585,6
988,-1.759743324793726,-175.9743324793726,3.5975337471044506,6
989,-1.759743324793708,-175.9743324793708,3.563554874394717,6
990,-1.759743324793726,-175.9743324793726,6.362808183635316,6
991,-1.759743324793708,-175.9743324793708,5.983345975298552,6
992,-1.759743324793726,-175.9743324793726,6.25214171348256,6
993,-1.759743324793726,-175.9743324793726,7.13982393658191,6
994,-1.759743324793726,-175.9743324793726,5.406873938482567,6
995,-1.759743324793708,-175.9743324793708,6.835647163492464,6
996,-1.759743324793708,-175.9743324793708,3.666116152942741,6
997,-1.759743324793708,-175.9743324793708,4.274905121666152,6
998,-1.759743324793726,-175.9743324793726,7.071976476528155,6
999,-1.759743324793708,-175.9743324793708,6.08281238434237,6
1000,-1.759743324793708,-175.9743324793708,5.983345975298552,6
